[INFO] Scanning for projects...
[INFO] 
[INFO] ------------------< com.airline:airline-reservation >-------------------
[INFO] Building airline-reservation 0.0.1-SNAPSHOT
[INFO]   from pom.xml
[INFO] --------------------------------[ jar ]---------------------------------
[INFO] 
[INFO] >>> spring-boot:3.3.5:run (default-cli) > test-compile @ airline-reservation >>>
[INFO] 
[INFO] --- resources:3.3.1:resources (default-resources) @ airline-reservation ---
[INFO] Copying 1 resource from src\main\resources to target\classes
[INFO] Copying 0 resource from src\main\resources to target\classes
[INFO] 
[INFO] --- compiler:3.13.0:compile (default-compile) @ airline-reservation ---
[INFO] Nothing to compile - all classes are up to date.
[INFO] 
[INFO] --- resources:3.3.1:testResources (default-testResources) @ airline-reservation ---
[INFO] skip non existing resourceDirectory e:\Ongoing Project\airline-reservation\src\test\resources
[INFO] 
[INFO] --- compiler:3.13.0:testCompile (default-testCompile) @ airline-reservation ---
[INFO] Nothing to compile - all classes are up to date.
[INFO] 
[INFO] <<< spring-boot:3.3.5:run (default-cli) < test-compile @ airline-reservation <<<
[INFO] 
[INFO] 
[INFO] --- spring-boot:3.3.5:run (default-cli) @ airline-reservation ---
[INFO] Attaching agents: []

  .   ____          _            __ _ _
 /\\ / ___'_ __ _ _(_)_ __  __ _ \ \ \ \
( ( )\___ | '_ | '_| | '_ \/ _` | \ \ \ \
 \\/  ___)| |_)| | | | | || (_| |  ) ) ) )
  '  |____| .__|_| |_|_| |_\__, | / / / /
 =========|_|==============|___/=/_/_/_/

 :: Spring Boot ::                (v3.3.5)

2026-09-28T02:57:34.659+05:30  INFO 4656 --- [airline-reservation] [  restartedMain] c.a.r.AirlineReservationApplication      : Starting AirlineReservationApplication using Java 21.0.12.1 with PID 4656 (e:\Ongoing Project\airline-reservation\target\classes started by 06piy in e:\Ongoing Project\airline-reservation)
2026-09-28T02:57:34.661+05:30  INFO 4656 --- [airline-reservation] [  restartedMain] c.a.r.AirlineReservationApplication      : No active profile set, falling back to 1 default profile: "default"
2026-09-28T02:57:34.704+05:30  INFO 4656 --- [airline-reservation] [  restartedMain] .e.DevToolsPropertyDefaultsPostProcessor : Devtools property defaults active! Set 'spring.devtools.add-properties' to 'false' to disable
2026-09-28T02:57:34.704+05:30  INFO 4656 --- [airline-reservation] [  restartedMain] .e.DevToolsPropertyDefaultsPostProcessor : For additional web related logging consider setting the 'logging.level.web' property to 'DEBUG'
2026-09-28T02:57:35.238+05:30  INFO 4656 --- [airline-reservation] [  restartedMain] .s.d.r.c.RepositoryConfigurationDelegate : Bootstrapping Spring Data JPA repositories in DEFAULT mode.
2026-09-28T02:57:35.318+05:30  INFO 4656 --- [airline-reservation] [  restartedMain] .s.d.r.c.RepositoryConfigurationDelegate : Finished Spring Data repository scanning in 73 ms. Found 8 JPA repository interfaces.
2026-09-28T02:57:35.701+05:30  INFO 4656 --- [airline-reservation] [  restartedMain] o.s.b.w.embedded.tomcat.TomcatWebServer  : Tomcat initialized with port 8080 (http)
2026-09-28T02:57:35.711+05:30  INFO 4656 --- [airline-reservation] [  restartedMain] o.apache.catalina.core.StandardService   : Starting service [Tomcat]
2026-09-28T02:57:35.711+05:30  INFO 4656 --- [airline-reservation] [  restartedMain] o.apache.catalina.core.StandardEngine    : Starting Servlet engine: [Apache Tomcat/10.1.31]
2026-09-28T02:57:35.758+05:30  INFO 4656 --- [airline-reservation] [  restartedMain] o.a.c.c.C.[Tomcat].[localhost].[/]       : Initializing Spring embedded WebApplicationContext
2026-09-28T02:57:35.758+05:30  INFO 4656 --- [airline-reservation] [  restartedMain] w.s.c.ServletWebServerApplicationContext : Root WebApplicationContext: initialization completed in 1053 ms
2026-09-28T02:57:35.848+05:30  INFO 4656 --- [airline-reservation] [  restartedMain] o.hibernate.jpa.internal.util.LogHelper  : HHH000204: Processing PersistenceUnitInfo [name: default]
2026-09-28T02:57:35.877+05:30  INFO 4656 --- [airline-reservation] [  restartedMain] org.hibernate.Version                    : HHH000412: Hibernate ORM core version 6.5.3.Final
2026-09-28T02:57:35.897+05:30  INFO 4656 --- [airline-reservation] [  restartedMain] o.h.c.internal.RegionFactoryInitiator    : HHH000026: Second-level cache disabled
2026-09-28T02:57:36.080+05:30  INFO 4656 --- [airline-reservation] [  restartedMain] o.s.o.j.p.SpringPersistenceUnitInfo      : No LoadTimeWeaver setup: ignoring JPA class transformer
2026-09-28T02:57:36.098+05:30  INFO 4656 --- [airline-reservation] [  restartedMain] com.zaxxer.hikari.HikariDataSource       : HikariPool-1 - Starting...
2026-09-28T02:57:36.200+05:30  INFO 4656 --- [airline-reservation] [  restartedMain] com.zaxxer.hikari.pool.HikariPool        : HikariPool-1 - Added connection com.mysql.cj.jdbc.ConnectionImpl@23eb7ba
2026-09-28T02:57:36.201+05:30  INFO 4656 --- [airline-reservation] [  restartedMain] com.zaxxer.hikari.HikariDataSource       : HikariPool-1 - Start completed.
2026-09-28T02:57:36.955+05:30  INFO 4656 --- [airline-reservation] [  restartedMain] o.h.e.t.j.p.i.JtaPlatformInitiator       : HHH000489: No JTA platform available (set 'hibernate.transaction.jta.platform' to enable JTA platform integration)
2026-09-28T02:57:37.055+05:30  INFO 4656 --- [airline-reservation] [  restartedMain] j.LocalContainerEntityManagerFactoryBean : Initialized JPA EntityManagerFactory for persistence unit 'default'
2026-09-28T02:57:37.346+05:30  INFO 4656 --- [airline-reservation] [  restartedMain] o.s.d.j.r.query.QueryEnhancerFactory     : Hibernate is in classpath; If applicable, HQL parser will be used.
2026-09-28T02:57:37.925+05:30  INFO 4656 --- [airline-reservation] [  restartedMain] o.s.b.d.a.OptionalLiveReloadServer       : LiveReload server is running on port 35729
2026-09-28T02:57:37.945+05:30  INFO 4656 --- [airline-reservation] [  restartedMain] o.s.b.w.embedded.tomcat.TomcatWebServer  : Tomcat started on port 8080 (http) with context path '/'
2026-09-28T02:57:37.951+05:30  INFO 4656 --- [airline-reservation] [  restartedMain] c.a.r.AirlineReservationApplication      : Started AirlineReservationApplication in 3.549 seconds (process running for 3.86)
2026-09-28T03:01:00.316+05:30  INFO 4656 --- [airline-reservation] [nio-8080-exec-1] o.a.c.c.C.[Tomcat].[localhost].[/]       : Initializing Spring DispatcherServlet 'dispatcherServlet'
2026-09-28T03:01:00.317+05:30  INFO 4656 --- [airline-reservation] [nio-8080-exec-1] o.s.web.servlet.DispatcherServlet        : Initializing Servlet 'dispatcherServlet'
2026-09-28T03:01:00.318+05:30  INFO 4656 --- [airline-reservation] [nio-8080-exec-1] o.s.web.servlet.DispatcherServlet        : Completed initialization in 1 ms
2026-09-28T03:01:00.382+05:30  WARN 4656 --- [airline-reservation] [nio-8080-exec-1] .m.m.a.ExceptionHandlerExceptionResolver : Resolved [org.springframework.web.bind.MissingServletRequestParameterException: Required request parameter 'destination' for method parameter type String is not present]
Hibernate: 
    select
        f1_0.id 
    from
        flights f1_0 
    where
        f1_0.flight_number=? 
    limit
        ?
Hibernate: 
    select
        a1_0.id,
        a1_0.active,
        a1_0.business_seats,
        a1_0.economy_seats,
        a1_0.first_class_seats,
        a1_0.manufacturer,
        a1_0.model,
        a1_0.registration_number,
        a1_0.total_seats 
    from
        aircraft a1_0 
    where
        a1_0.id=?
Hibernate: 
    select
        a1_0.id,
        a1_0.city,
        a1_0.country,
        a1_0.iata_code,
        a1_0.name,
        a1_0.timezone 
    from
        airports a1_0 
    where
        a1_0.id=?
Hibernate: 
    select
        a1_0.id,
        a1_0.city,
        a1_0.country,
        a1_0.iata_code,
        a1_0.name,
        a1_0.timezone 
    from
        airports a1_0 
    where
        a1_0.id=?
Hibernate: 
    insert 
    into
        flights
        (aircraft_id, arrival_time, base_price, created_at, departure_time, destination_airport_id, flight_number, origin_airport_id, status, updated_at) 
    values
        (?, ?, ?, ?, ?, ?, ?, ?, ?, ?)
2026-09-28T03:02:37.946+05:30  WARN 4656 --- [airline-reservation] [nio-8080-exec-2] .m.m.a.ExceptionHandlerExceptionResolver : Resolved [org.springframework.web.servlet.resource.NoResourceFoundException: No static resource api/seats.]
2026-09-28T03:02:37.979+05:30  WARN 4656 --- [airline-reservation] [nio-8080-exec-5] .m.m.a.ExceptionHandlerExceptionResolver : Resolved [org.springframework.web.servlet.resource.NoResourceFoundException: No static resource api/seats.]
2026-09-28T03:02:38.017+05:30  WARN 4656 --- [airline-reservation] [nio-8080-exec-6] .m.m.a.ExceptionHandlerExceptionResolver : Resolved [org.springframework.web.servlet.resource.NoResourceFoundException: No static resource api/seats.]
2026-09-28T03:03:59.488+05:30  INFO 4656 --- [airline-reservation] [   File Watcher] rtingClassPathChangeChangedEventListener : Restarting due to 95 class path changes (0 additions, 94 deletions, 1 modification)
2026-09-28T03:03:59.512+05:30  INFO 4656 --- [airline-reservation] [       Thread-5] j.LocalContainerEntityManagerFactoryBean : Closing JPA EntityManagerFactory for persistence unit 'default'
2026-09-28T03:03:59.518+05:30  INFO 4656 --- [airline-reservation] [       Thread-5] com.zaxxer.hikari.HikariDataSource       : HikariPool-1 - Shutdown initiated...
2026-09-28T03:03:59.529+05:30  INFO 4656 --- [airline-reservation] [       Thread-5] com.zaxxer.hikari.HikariDataSource       : HikariPool-1 - Shutdown completed.

  .   ____          _            __ _ _
 /\\ / ___'_ __ _ _(_)_ __  __ _ \ \ \ \
( ( )\___ | '_ | '_| | '_ \/ _` | \ \ \ \
 \\/  ___)| |_)| | | | | || (_| |  ) ) ) )
  '  |____| .__|_| |_|_| |_\__, | / / / /
 =========|_|==============|___/=/_/_/_/

 :: Spring Boot ::                (v3.3.5)

2026-09-28T03:03:59.646+05:30  INFO 4656 --- [airline-reservation] [  restartedMain] c.a.r.AirlineReservationApplication      : Starting AirlineReservationApplication using Java 21.0.12.1 with PID 4656 (E:\Ongoing Project\airline-reservation\target\classes started by 06piy in e:\Ongoing Project\airline-reservation)
2026-09-28T03:03:59.647+05:30  INFO 4656 --- [airline-reservation] [  restartedMain] c.a.r.AirlineReservationApplication      : No active profile set, falling back to 1 default profile: "default"
2026-09-28T03:03:59.951+05:30  INFO 4656 --- [airline-reservation] [  restartedMain] .s.d.r.c.RepositoryConfigurationDelegate : Bootstrapping Spring Data JPA repositories in DEFAULT mode.
2026-09-28T03:03:59.952+05:30  INFO 4656 --- [airline-reservation] [  restartedMain] .s.d.r.c.RepositoryConfigurationDelegate : Finished Spring Data repository scanning in 0 ms. Found 0 JPA repository interfaces.
2026-09-28T03:04:00.165+05:30  INFO 4656 --- [airline-reservation] [  restartedMain] o.s.b.w.embedded.tomcat.TomcatWebServer  : Tomcat initialized with port 8080 (http)
2026-09-28T03:04:00.167+05:30  INFO 4656 --- [airline-reservation] [  restartedMain] o.apache.catalina.core.StandardService   : Starting service [Tomcat]
2026-09-28T03:04:00.167+05:30  INFO 4656 --- [airline-reservation] [  restartedMain] o.apache.catalina.core.StandardEngine    : Starting Servlet engine: [Apache Tomcat/10.1.31]
2026-09-28T03:04:00.203+05:30  INFO 4656 --- [airline-reservation] [  restartedMain] o.a.c.c.C.[Tomcat].[localhost].[/]       : Initializing Spring embedded WebApplicationContext
2026-09-28T03:04:00.204+05:30  INFO 4656 --- [airline-reservation] [  restartedMain] w.s.c.ServletWebServerApplicationContext : Root WebApplicationContext: initialization completed in 553 ms
2026-09-28T03:04:00.274+05:30  INFO 4656 --- [airline-reservation] [  restartedMain] o.hibernate.jpa.internal.util.LogHelper  : HHH000204: Processing PersistenceUnitInfo [name: default]
2026-09-28T03:04:00.277+05:30  INFO 4656 --- [airline-reservation] [  restartedMain] o.h.c.internal.RegionFactoryInitiator    : HHH000026: Second-level cache disabled
2026-09-28T03:04:00.290+05:30  INFO 4656 --- [airline-reservation] [  restartedMain] o.s.o.j.p.SpringPersistenceUnitInfo      : No LoadTimeWeaver setup: ignoring JPA class transformer
2026-09-28T03:04:00.291+05:30  INFO 4656 --- [airline-reservation] [  restartedMain] com.zaxxer.hikari.HikariDataSource       : HikariPool-2 - Starting...
2026-09-28T03:04:00.301+05:30  INFO 4656 --- [airline-reservation] [  restartedMain] com.zaxxer.hikari.pool.HikariPool        : HikariPool-2 - Added connection com.mysql.cj.jdbc.ConnectionImpl@29162d0e
2026-09-28T03:04:00.301+05:30  INFO 4656 --- [airline-reservation] [  restartedMain] com.zaxxer.hikari.HikariDataSource       : HikariPool-2 - Start completed.
2026-09-28T03:04:00.333+05:30  INFO 4656 --- [airline-reservation] [  restartedMain] o.h.e.t.j.p.i.JtaPlatformInitiator       : HHH000489: No JTA platform available (set 'hibernate.transaction.jta.platform' to enable JTA platform integration)
2026-09-28T03:04:00.333+05:30  INFO 4656 --- [airline-reservation] [  restartedMain] j.LocalContainerEntityManagerFactoryBean : Initialized JPA EntityManagerFactory for persistence unit 'default'
2026-09-28T03:04:00.612+05:30  INFO 4656 --- [airline-reservation] [  restartedMain] o.s.b.d.a.OptionalLiveReloadServer       : LiveReload server is running on port 35729
2026-09-28T03:04:00.629+05:30  INFO 4656 --- [airline-reservation] [  restartedMain] o.s.b.w.embedded.tomcat.TomcatWebServer  : Tomcat started on port 8080 (http) with context path '/'
2026-09-28T03:04:00.634+05:30  INFO 4656 --- [airline-reservation] [  restartedMain] c.a.r.AirlineReservationApplication      : Started AirlineReservationApplication in 1.033 seconds (process running for 386.542)
2026-09-28T03:04:00.636+05:30  INFO 4656 --- [airline-reservation] [  restartedMain] .ConditionEvaluationDeltaLoggingListener : Condition evaluation unchanged
2026-09-28T03:04:06.347+05:30  INFO 4656 --- [airline-reservation] [   File Watcher] rtingClassPathChangeChangedEventListener : Restarting due to 95 class path changes (95 additions, 0 deletions, 0 modifications)
2026-09-28T03:04:06.364+05:30  INFO 4656 --- [airline-reservation] [       Thread-7] j.LocalContainerEntityManagerFactoryBean : Closing JPA EntityManagerFactory for persistence unit 'default'
2026-09-28T03:04:06.365+05:30  INFO 4656 --- [airline-reservation] [       Thread-7] com.zaxxer.hikari.HikariDataSource       : HikariPool-2 - Shutdown initiated...
2026-09-28T03:04:06.372+05:30  INFO 4656 --- [airline-reservation] [       Thread-7] com.zaxxer.hikari.HikariDataSource       : HikariPool-2 - Shutdown completed.

  .   ____          _            __ _ _
 /\\ / ___'_ __ _ _(_)_ __  __ _ \ \ \ \
( ( )\___ | '_ | '_| | '_ \/ _` | \ \ \ \
 \\/  ___)| |_)| | | | | || (_| |  ) ) ) )
  '  |____| .__|_| |_|_| |_\__, | / / / /
 =========|_|==============|___/=/_/_/_/

 :: Spring Boot ::                (v3.3.5)

2026-09-28T03:04:06.488+05:30  INFO 4656 --- [airline-reservation] [  restartedMain] c.a.r.AirlineReservationApplication      : Starting AirlineReservationApplication using Java 21.0.12.1 with PID 4656 (e:\Ongoing Project\airline-reservation\target\classes started by 06piy in e:\Ongoing Project\airline-reservation)
2026-09-28T03:04:06.489+05:30  INFO 4656 --- [airline-reservation] [  restartedMain] c.a.r.AirlineReservationApplication      : No active profile set, falling back to 1 default profile: "default"
2026-09-28T03:04:06.931+05:30  INFO 4656 --- [airline-reservation] [  restartedMain] .s.d.r.c.RepositoryConfigurationDelegate : Bootstrapping Spring Data JPA repositories in DEFAULT mode.
2026-09-28T03:04:06.998+05:30  INFO 4656 --- [airline-reservation] [  restartedMain] .s.d.r.c.RepositoryConfigurationDelegate : Finished Spring Data repository scanning in 66 ms. Found 8 JPA repository interfaces.
2026-09-28T03:04:07.192+05:30  INFO 4656 --- [airline-reservation] [  restartedMain] o.s.b.w.embedded.tomcat.TomcatWebServer  : Tomcat initialized with port 8080 (http)
2026-09-28T03:04:07.194+05:30  INFO 4656 --- [airline-reservation] [  restartedMain] o.apache.catalina.core.StandardService   : Starting service [Tomcat]
2026-09-28T03:04:07.194+05:30  INFO 4656 --- [airline-reservation] [  restartedMain] o.apache.catalina.core.StandardEngine    : Starting Servlet engine: [Apache Tomcat/10.1.31]
2026-09-28T03:04:07.240+05:30  INFO 4656 --- [airline-reservation] [  restartedMain] o.a.c.c.C.[Tomcat].[localhost].[/]       : Initializing Spring embedded WebApplicationContext
2026-09-28T03:04:07.241+05:30  INFO 4656 --- [airline-reservation] [  restartedMain] w.s.c.ServletWebServerApplicationContext : Root WebApplicationContext: initialization completed in 747 ms
2026-09-28T03:04:07.311+05:30  INFO 4656 --- [airline-reservation] [  restartedMain] o.hibernate.jpa.internal.util.LogHelper  : HHH000204: Processing PersistenceUnitInfo [name: default]
2026-09-28T03:04:07.315+05:30  INFO 4656 --- [airline-reservation] [  restartedMain] o.h.c.internal.RegionFactoryInitiator    : HHH000026: Second-level cache disabled
2026-09-28T03:04:07.328+05:30  INFO 4656 --- [airline-reservation] [  restartedMain] o.s.o.j.p.SpringPersistenceUnitInfo      : No LoadTimeWeaver setup: ignoring JPA class transformer
2026-09-28T03:04:07.330+05:30  INFO 4656 --- [airline-reservation] [  restartedMain] com.zaxxer.hikari.HikariDataSource       : HikariPool-3 - Starting...
2026-09-28T03:04:07.338+05:30  INFO 4656 --- [airline-reservation] [  restartedMain] com.zaxxer.hikari.pool.HikariPool        : HikariPool-3 - Added connection com.mysql.cj.jdbc.ConnectionImpl@10c31b90
2026-09-28T03:04:07.338+05:30  INFO 4656 --- [airline-reservation] [  restartedMain] com.zaxxer.hikari.HikariDataSource       : HikariPool-3 - Start completed.
2026-09-28T03:04:07.677+05:30  INFO 4656 --- [airline-reservation] [  restartedMain] o.h.e.t.j.p.i.JtaPlatformInitiator       : HHH000489: No JTA platform available (set 'hibernate.transaction.jta.platform' to enable JTA platform integration)
2026-09-28T03:04:07.808+05:30  INFO 4656 --- [airline-reservation] [  restartedMain] j.LocalContainerEntityManagerFactoryBean : Initialized JPA EntityManagerFactory for persistence unit 'default'
2026-09-28T03:04:08.464+05:30  INFO 4656 --- [airline-reservation] [  restartedMain] o.s.b.d.a.OptionalLiveReloadServer       : LiveReload server is running on port 35729
2026-09-28T03:04:08.480+05:30  INFO 4656 --- [airline-reservation] [  restartedMain] o.s.b.w.embedded.tomcat.TomcatWebServer  : Tomcat started on port 8080 (http) with context path '/'
2026-09-28T03:04:08.484+05:30  INFO 4656 --- [airline-reservation] [  restartedMain] c.a.r.AirlineReservationApplication      : Started AirlineReservationApplication in 2.034 seconds (process running for 394.393)
2026-09-28T03:04:08.486+05:30  INFO 4656 --- [airline-reservation] [  restartedMain] .ConditionEvaluationDeltaLoggingListener : Condition evaluation unchanged
2026-09-28T03:04:14.946+05:30  INFO 4656 --- [airline-reservation] [nio-8080-exec-1] o.a.c.c.C.[Tomcat].[localhost].[/]       : Initializing Spring DispatcherServlet 'dispatcherServlet'
2026-09-28T03:04:14.946+05:30  INFO 4656 --- [airline-reservation] [nio-8080-exec-1] o.s.web.servlet.DispatcherServlet        : Initializing Servlet 'dispatcherServlet'
2026-09-28T03:04:14.947+05:30  INFO 4656 --- [airline-reservation] [nio-8080-exec-1] o.s.web.servlet.DispatcherServlet        : Completed initialization in 1 ms
Hibernate: 
    select
        f1_0.id,
        f1_0.aircraft_id,
        f1_0.arrival_time,
        f1_0.base_price,
        f1_0.created_at,
        f1_0.departure_time,
        f1_0.destination_airport_id,
        f1_0.flight_number,
        f1_0.origin_airport_id,
        f1_0.status,
        f1_0.updated_at 
    from
        flights f1_0 
    join
        airports da1_0 
            on da1_0.id=f1_0.destination_airport_id 
    join
        airports oa1_0 
            on oa1_0.id=f1_0.origin_airport_id 
    where
        oa1_0.iata_code=? 
        and da1_0.iata_code=? 
        and f1_0.departure_time>=? 
        and f1_0.departure_time<=? 
        and f1_0.status='SCHEDULED'
Hibernate: 
    select
        a1_0.id,
        a1_0.active,
        a1_0.business_seats,
        a1_0.economy_seats,
        a1_0.first_class_seats,
        a1_0.manufacturer,
        a1_0.model,
        a1_0.registration_number,
        a1_0.total_seats 
    from
        aircraft a1_0 
    where
        a1_0.id=?
Hibernate: 
    select
        a1_0.id,
        a1_0.city,
        a1_0.country,
        a1_0.iata_code,
        a1_0.name,
        a1_0.timezone 
    from
        airports a1_0 
    where
        a1_0.id=?
Hibernate: 
    select
        a1_0.id,
        a1_0.city,
        a1_0.country,
        a1_0.iata_code,
        a1_0.name,
        a1_0.timezone 
    from
        airports a1_0 
    where
        a1_0.id=?
Hibernate: 
    select
        s1_0.id,
        s1_0.flight_id,
        s1_0.price,
        s1_0.seat_class,
        s1_0.seat_number,
        s1_0.status 
    from
        seats s1_0 
    where
        s1_0.flight_id=? 
        and s1_0.status=?
Hibernate: 
    select
        p1_0.id 
    from
        passengers p1_0 
    where
        p1_0.passport_number=? 
    limit
        ?
Hibernate: 
    select
        u1_0.id,
        u1_0.active,
        u1_0.created_at,
        u1_0.email,
        u1_0.first_name,
        u1_0.last_name,
        u1_0.password,
        u1_0.phone,
        u1_0.role,
        u1_0.updated_at 
    from
        users u1_0 
    where
        u1_0.id=?
Hibernate: 
    insert 
    into
        passengers
        (created_at, date_of_birth, first_name, last_name, nationality, passport_number, user_id) 
    values
        (?, ?, ?, ?, ?, ?, ?)
Hibernate: 
    select
        u1_0.id,
        u1_0.active,
        u1_0.created_at,
        u1_0.email,
        u1_0.first_name,
        u1_0.last_name,
        u1_0.password,
        u1_0.phone,
        u1_0.role,
        u1_0.updated_at 
    from
        users u1_0 
    where
        u1_0.id=?
Hibernate: 
    select
        f1_0.id,
        f1_0.aircraft_id,
        f1_0.arrival_time,
        f1_0.base_price,
        f1_0.created_at,
        f1_0.departure_time,
        f1_0.destination_airport_id,
        f1_0.flight_number,
        f1_0.origin_airport_id,
        f1_0.status,
        f1_0.updated_at 
    from
        flights f1_0 
    where
        f1_0.id=?
Hibernate: 
    select
        p1_0.id,
        p1_0.created_at,
        p1_0.date_of_birth,
        p1_0.first_name,
        p1_0.last_name,
        p1_0.nationality,
        p1_0.passport_number,
        p1_0.user_id 
    from
        passengers p1_0 
    where
        p1_0.id in (?)
Hibernate: 
    select
        s1_0.id,
        s1_0.flight_id,
        s1_0.price,
        s1_0.seat_class,
        s1_0.seat_number,
        s1_0.status 
    from
        seats s1_0 
    where
        s1_0.id in (?) 
        and s1_0.flight_id=?
Hibernate: 
    select
        b1_0.id 
    from
        bookings b1_0 
    where
        b1_0.booking_reference=? 
    limit
        ?
Hibernate: 
    insert 
    into
        bookings
        (booking_reference, created_at, flight_id, status, total_amount, updated_at, user_id) 
    values
        (?, ?, ?, ?, ?, ?, ?)
Hibernate: 
    insert 
    into
        payments
        (amount, booking_id, created_at, payment_method, status, transaction_id, updated_at) 
    values
        (?, ?, ?, ?, ?, ?, ?)
Hibernate: 
    select
        a1_0.id,
        a1_0.city,
        a1_0.country,
        a1_0.iata_code,
        a1_0.name,
        a1_0.timezone 
    from
        airports a1_0 
    where
        a1_0.id=?
Hibernate: 
    select
        a1_0.id,
        a1_0.city,
        a1_0.country,
        a1_0.iata_code,
        a1_0.name,
        a1_0.timezone 
    from
        airports a1_0 
    where
        a1_0.id=?
Hibernate: 
    insert 
    into
        booking_passengers
        (booking_id, passenger_id) 
    values
        (?, ?)
Hibernate: 
    insert 
    into
        booking_seats
        (booking_id, seat_id) 
    values
        (?, ?)
Hibernate: 
    select
        b1_0.id,
        b1_0.booking_reference,
        b1_0.created_at,
        b1_0.flight_id,
        p1_0.id,
        p1_0.amount,
        p1_0.booking_id,
        p1_0.created_at,
        p1_0.payment_method,
        p1_0.status,
        p1_0.transaction_id,
        p1_0.updated_at,
        b1_0.status,
        b1_0.total_amount,
        b1_0.updated_at,
        b1_0.user_id 
    from
        bookings b1_0 
    left join
        payments p1_0 
            on b1_0.id=p1_0.booking_id 
    where
        b1_0.id=?
Hibernate: 
    select
        p1_0.id,
        p1_0.amount,
        p1_0.booking_id,
        p1_0.created_at,
        p1_0.payment_method,
        p1_0.status,
        p1_0.transaction_id,
        p1_0.updated_at 
    from
        payments p1_0 
    where
        p1_0.booking_id=?
Hibernate: 
    select
        s1_0.booking_id,
        s1_1.id,
        s1_1.flight_id,
        s1_1.price,
        s1_1.seat_class,
        s1_1.seat_number,
        s1_1.status 
    from
        booking_seats s1_0 
    join
        seats s1_1 
            on s1_1.id=s1_0.seat_id 
    where
        s1_0.booking_id=?
Hibernate: 
    update
        payments 
    set
        amount=?,
        booking_id=?,
        payment_method=?,
        status=?,
        transaction_id=?,
        updated_at=? 
    where
        id=?
Hibernate: 
    update
        bookings 
    set
        booking_reference=?,
        flight_id=?,
        status=?,
        total_amount=?,
        updated_at=?,
        user_id=? 
    where
        id=?
Hibernate: 
    update
        seats 
    set
        flight_id=?,
        price=?,
        seat_class=?,
        seat_number=?,
        status=? 
    where
        id=?
Hibernate: 
    select
        b1_0.id,
        b1_0.booking_reference,
        b1_0.created_at,
        b1_0.flight_id,
        b1_0.status,
        b1_0.total_amount,
        b1_0.updated_at,
        b1_0.user_id 
    from
        bookings b1_0 
    where
        b1_0.booking_reference=?
Hibernate: 
    select
        p1_0.id,
        p1_0.amount,
        p1_0.booking_id,
        p1_0.created_at,
        p1_0.payment_method,
        p1_0.status,
        p1_0.transaction_id,
        p1_0.updated_at 
    from
        payments p1_0 
    where
        p1_0.booking_id=?
Hibernate: 
    select
        u1_0.id,
        u1_0.active,
        u1_0.created_at,
        u1_0.email,
        u1_0.first_name,
        u1_0.last_name,
        u1_0.password,
        u1_0.phone,
        u1_0.role,
        u1_0.updated_at 
    from
        users u1_0 
    where
        u1_0.id=?
Hibernate: 
    select
        f1_0.id,
        f1_0.aircraft_id,
        f1_0.arrival_time,
        f1_0.base_price,
        f1_0.created_at,
        f1_0.departure_time,
        f1_0.destination_airport_id,
        f1_0.flight_number,
        f1_0.origin_airport_id,
        f1_0.status,
        f1_0.updated_at 
    from
        flights f1_0 
    where
        f1_0.id=?
Hibernate: 
    select
        a1_0.id,
        a1_0.city,
        a1_0.country,
        a1_0.iata_code,
        a1_0.name,
        a1_0.timezone 
    from
        airports a1_0 
    where
        a1_0.id=?
Hibernate: 
    select
        a1_0.id,
        a1_0.city,
        a1_0.country,
        a1_0.iata_code,
        a1_0.name,
        a1_0.timezone 
    from
        airports a1_0 
    where
        a1_0.id=?
Hibernate: 
    select
        p1_0.booking_id,
        p1_1.id,
        p1_1.created_at,
        p1_1.date_of_birth,
        p1_1.first_name,
        p1_1.last_name,
        p1_1.nationality,
        p1_1.passport_number,
        p1_1.user_id 
    from
        booking_passengers p1_0 
    join
        passengers p1_1 
            on p1_1.id=p1_0.passenger_id 
    where
        p1_0.booking_id=?
Hibernate: 
    select
        s1_0.booking_id,
        s1_1.id,
        s1_1.flight_id,
        s1_1.price,
        s1_1.seat_class,
        s1_1.seat_number,
        s1_1.status 
    from
        booking_seats s1_0 
    join
        seats s1_1 
            on s1_1.id=s1_0.seat_id 
    where
        s1_0.booking_id=?
2026-09-28T03:47:04.364+05:30  WARN 4656 --- [airline-reservation] [l-3 housekeeper] com.zaxxer.hikari.pool.HikariPool        : HikariPool-3 - Thread starvation or clock leap detected (housekeeper delta=23m26s603ms392µs900ns).
Hibernate: 
    select
        b1_0.id,
        b1_0.booking_reference,
        b1_0.created_at,
        b1_0.flight_id,
        b1_0.status,
        b1_0.total_amount,
        b1_0.updated_at,
        b1_0.user_id 
    from
        bookings b1_0 
    where
        b1_0.booking_reference=?
Hibernate: 
    select
        p1_0.id,
        p1_0.amount,
        p1_0.booking_id,
        p1_0.created_at,
        p1_0.payment_method,
        p1_0.status,
        p1_0.transaction_id,
        p1_0.updated_at 
    from
        payments p1_0 
    where
        p1_0.booking_id=?
Hibernate: 
    select
        u1_0.id,
        u1_0.active,
        u1_0.created_at,
        u1_0.email,
        u1_0.first_name,
        u1_0.last_name,
        u1_0.password,
        u1_0.phone,
        u1_0.role,
        u1_0.updated_at 
    from
        users u1_0 
    where
        u1_0.id=?
Hibernate: 
    select
        f1_0.id,
        f1_0.aircraft_id,
        f1_0.arrival_time,
        f1_0.base_price,
        f1_0.created_at,
        f1_0.departure_time,
        f1_0.destination_airport_id,
        f1_0.flight_number,
        f1_0.origin_airport_id,
        f1_0.status,
        f1_0.updated_at 
    from
        flights f1_0 
    where
        f1_0.id=?
Hibernate: 
    select
        a1_0.id,
        a1_0.city,
        a1_0.country,
        a1_0.iata_code,
        a1_0.name,
        a1_0.timezone 
    from
        airports a1_0 
    where
        a1_0.id=?
Hibernate: 
    select
        a1_0.id,
        a1_0.city,
        a1_0.country,
        a1_0.iata_code,
        a1_0.name,
        a1_0.timezone 
    from
        airports a1_0 
    where
        a1_0.id=?
Hibernate: 
    select
        p1_0.booking_id,
        p1_1.id,
        p1_1.created_at,
        p1_1.date_of_birth,
        p1_1.first_name,
        p1_1.last_name,
        p1_1.nationality,
        p1_1.passport_number,
        p1_1.user_id 
    from
        booking_passengers p1_0 
    join
        passengers p1_1 
            on p1_1.id=p1_0.passenger_id 
    where
        p1_0.booking_id=?
Hibernate: 
    select
        s1_0.booking_id,
        s1_1.id,
        s1_1.flight_id,
        s1_1.price,
        s1_1.seat_class,
        s1_1.seat_number,
        s1_1.status 
    from
        booking_seats s1_0 
    join
        seats s1_1 
            on s1_1.id=s1_0.seat_id 
    where
        s1_0.booking_id=?
Hibernate: 
    select
        p1_0.id 
    from
        passengers p1_0 
    where
        p1_0.passport_number=? 
    limit
        ?
Hibernate: 
    insert 
    into
        passengers
        (created_at, date_of_birth, first_name, last_name, nationality, passport_number, user_id) 
    values
        (?, ?, ?, ?, ?, ?, ?)
Hibernate: 
    select
        u1_0.id,
        u1_0.active,
        u1_0.created_at,
        u1_0.email,
        u1_0.first_name,
        u1_0.last_name,
        u1_0.password,
        u1_0.phone,
        u1_0.role,
        u1_0.updated_at 
    from
        users u1_0 
    where
        u1_0.id=?
Hibernate: 
    select
        f1_0.id,
        f1_0.aircraft_id,
        f1_0.arrival_time,
        f1_0.base_price,
        f1_0.created_at,
        f1_0.departure_time,
        f1_0.destination_airport_id,
        f1_0.flight_number,
        f1_0.origin_airport_id,
        f1_0.status,
        f1_0.updated_at 
    from
        flights f1_0 
    where
        f1_0.id=?
Hibernate: 
    select
        p1_0.id,
        p1_0.created_at,
        p1_0.date_of_birth,
        p1_0.first_name,
        p1_0.last_name,
        p1_0.nationality,
        p1_0.passport_number,
        p1_0.user_id 
    from
        passengers p1_0 
    where
        p1_0.id in (?)
Hibernate: 
    select
        s1_0.id,
        s1_0.flight_id,
        s1_0.price,
        s1_0.seat_class,
        s1_0.seat_number,
        s1_0.status 
    from
        seats s1_0 
    where
        s1_0.id in (?) 
        and s1_0.flight_id=?
Hibernate: 
    select
        b1_0.id 
    from
        bookings b1_0 
    where
        b1_0.booking_reference=? 
    limit
        ?
Hibernate: 
    insert 
    into
        bookings
        (booking_reference, created_at, flight_id, status, total_amount, updated_at, user_id) 
    values
        (?, ?, ?, ?, ?, ?, ?)
Hibernate: 
    insert 
    into
        payments
        (amount, booking_id, created_at, payment_method, status, transaction_id, updated_at) 
    values
        (?, ?, ?, ?, ?, ?, ?)
Hibernate: 
    select
        a1_0.id,
        a1_0.city,
        a1_0.country,
        a1_0.iata_code,
        a1_0.name,
        a1_0.timezone 
    from
        airports a1_0 
    where
        a1_0.id=?
Hibernate: 
    select
        a1_0.id,
        a1_0.city,
        a1_0.country,
        a1_0.iata_code,
        a1_0.name,
        a1_0.timezone 
    from
        airports a1_0 
    where
        a1_0.id=?
Hibernate: 
    insert 
    into
        booking_passengers
        (booking_id, passenger_id) 
    values
        (?, ?)
Hibernate: 
    insert 
    into
        booking_seats
        (booking_id, seat_id) 
    values
        (?, ?)
Hibernate: 
    select
        b1_0.id,
        b1_0.booking_reference,
        b1_0.created_at,
        b1_0.flight_id,
        p1_0.id,
        p1_0.amount,
        p1_0.booking_id,
        p1_0.created_at,
        p1_0.payment_method,
        p1_0.status,
        p1_0.transaction_id,
        p1_0.updated_at,
        b1_0.status,
        b1_0.total_amount,
        b1_0.updated_at,
        b1_0.user_id 
    from
        bookings b1_0 
    left join
        payments p1_0 
            on b1_0.id=p1_0.booking_id 
    where
        b1_0.id=?
Hibernate: 
    select
        p1_0.id,
        p1_0.amount,
        p1_0.booking_id,
        p1_0.created_at,
        p1_0.payment_method,
        p1_0.status,
        p1_0.transaction_id,
        p1_0.updated_at 
    from
        payments p1_0 
    where
        p1_0.booking_id=?
Hibernate: 
    update
        payments 
    set
        amount=?,
        booking_id=?,
        payment_method=?,
        status=?,
        transaction_id=?,
        updated_at=? 
    where
        id=?
Hibernate: 
    select
        b1_0.id,
        b1_0.booking_reference,
        b1_0.created_at,
        b1_0.flight_id,
        p1_0.id,
        p1_0.amount,
        p1_0.booking_id,
        p1_0.created_at,
        p1_0.payment_method,
        p1_0.status,
        p1_0.transaction_id,
        p1_0.updated_at,
        b1_0.status,
        b1_0.total_amount,
        b1_0.updated_at,
        b1_0.user_id 
    from
        bookings b1_0 
    left join
        payments p1_0 
            on b1_0.id=p1_0.booking_id 
    where
        b1_0.id=?
Hibernate: 
    select
        u1_0.id,
        u1_0.active,
        u1_0.created_at,
        u1_0.email,
        u1_0.first_name,
        u1_0.last_name,
        u1_0.password,
        u1_0.phone,
        u1_0.role,
        u1_0.updated_at 
    from
        users u1_0 
    where
        u1_0.id=?
Hibernate: 
    select
        f1_0.id,
        f1_0.aircraft_id,
        f1_0.arrival_time,
        f1_0.base_price,
        f1_0.created_at,
        f1_0.departure_time,
        f1_0.destination_airport_id,
        f1_0.flight_number,
        f1_0.origin_airport_id,
        f1_0.status,
        f1_0.updated_at 
    from
        flights f1_0 
    where
        f1_0.id=?
Hibernate: 
    select
        a1_0.id,
        a1_0.city,
        a1_0.country,
        a1_0.iata_code,
        a1_0.name,
        a1_0.timezone 
    from
        airports a1_0 
    where
        a1_0.id=?
Hibernate: 
    select
        a1_0.id,
        a1_0.city,
        a1_0.country,
        a1_0.iata_code,
        a1_0.name,
        a1_0.timezone 
    from
        airports a1_0 
    where
        a1_0.id=?
Hibernate: 
    select
        p1_0.booking_id,
        p1_1.id,
        p1_1.created_at,
        p1_1.date_of_birth,
        p1_1.first_name,
        p1_1.last_name,
        p1_1.nationality,
        p1_1.passport_number,
        p1_1.user_id 
    from
        booking_passengers p1_0 
    join
        passengers p1_1 
            on p1_1.id=p1_0.passenger_id 
    where
        p1_0.booking_id=?
Hibernate: 
    select
        s1_0.booking_id,
        s1_1.id,
        s1_1.flight_id,
        s1_1.price,
        s1_1.seat_class,
        s1_1.seat_number,
        s1_1.status 
    from
        booking_seats s1_0 
    join
        seats s1_1 
            on s1_1.id=s1_0.seat_id 
    where
        s1_0.booking_id=?
Hibernate: 
    select
        s1_0.id,
        s1_0.flight_id,
        s1_0.price,
        s1_0.seat_class,
        s1_0.seat_number,
        s1_0.status 
    from
        seats s1_0 
    where
        s1_0.id=?
Hibernate: 
    select
        count(*) 
    from
        users u1_0 
    where
        u1_0.id=?
Hibernate: 
    select
        b1_0.id,
        b1_0.booking_reference,
        b1_0.created_at,
        b1_0.flight_id,
        b1_0.status,
        b1_0.total_amount,
        b1_0.updated_at,
        b1_0.user_id 
    from
        bookings b1_0 
    where
        b1_0.user_id=? 
    order by
        b1_0.created_at desc
Hibernate: 
    select
        p1_0.id,
        p1_0.amount,
        p1_0.booking_id,
        p1_0.created_at,
        p1_0.payment_method,
        p1_0.status,
        p1_0.transaction_id,
        p1_0.updated_at 
    from
        payments p1_0 
    where
        p1_0.booking_id=?
Hibernate: 
    select
        p1_0.id,
        p1_0.amount,
        p1_0.booking_id,
        p1_0.created_at,
        p1_0.payment_method,
        p1_0.status,
        p1_0.transaction_id,
        p1_0.updated_at 
    from
        payments p1_0 
    where
        p1_0.booking_id=?
Hibernate: 
    select
        f1_0.id,
        f1_0.aircraft_id,
        f1_0.arrival_time,
        f1_0.base_price,
        f1_0.created_at,
        f1_0.departure_time,
        f1_0.destination_airport_id,
        f1_0.flight_number,
        f1_0.origin_airport_id,
        f1_0.status,
        f1_0.updated_at 
    from
        flights f1_0 
    where
        f1_0.id=?
Hibernate: 
    select
        a1_0.id,
        a1_0.city,
        a1_0.country,
        a1_0.iata_code,
        a1_0.name,
        a1_0.timezone 
    from
        airports a1_0 
    where
        a1_0.id=?
Hibernate: 
    select
        a1_0.id,
        a1_0.city,
        a1_0.country,
        a1_0.iata_code,
        a1_0.name,
        a1_0.timezone 
    from
        airports a1_0 
    where
        a1_0.id=?
Hibernate: 
    select
        count(*) 
    from
        users u1_0 
    where
        u1_0.id=?
Hibernate: 
    select
        b1_0.id,
        b1_0.booking_reference,
        b1_0.created_at,
        b1_0.flight_id,
        b1_0.status,
        b1_0.total_amount,
        b1_0.updated_at,
        b1_0.user_id 
    from
        bookings b1_0 
    where
        b1_0.user_id=? 
        and b1_0.status=? 
    order by
        b1_0.created_at desc
Hibernate: 
    select
        p1_0.id,
        p1_0.amount,
        p1_0.booking_id,
        p1_0.created_at,
        p1_0.payment_method,
        p1_0.status,
        p1_0.transaction_id,
        p1_0.updated_at 
    from
        payments p1_0 
    where
        p1_0.booking_id=?
Hibernate: 
    select
        f1_0.id,
        f1_0.aircraft_id,
        f1_0.arrival_time,
        f1_0.base_price,
        f1_0.created_at,
        f1_0.departure_time,
        f1_0.destination_airport_id,
        f1_0.flight_number,
        f1_0.origin_airport_id,
        f1_0.status,
        f1_0.updated_at 
    from
        flights f1_0 
    where
        f1_0.id=?
Hibernate: 
    select
        a1_0.id,
        a1_0.city,
        a1_0.country,
        a1_0.iata_code,
        a1_0.name,
        a1_0.timezone 
    from
        airports a1_0 
    where
        a1_0.id=?
Hibernate: 
    select
        a1_0.id,
        a1_0.city,
        a1_0.country,
        a1_0.iata_code,
        a1_0.name,
        a1_0.timezone 
    from
        airports a1_0 
    where
        a1_0.id=?
Hibernate: 
    select
        b1_0.id,
        b1_0.booking_reference,
        b1_0.created_at,
        b1_0.flight_id,
        p1_0.id,
        p1_0.amount,
        p1_0.booking_id,
        p1_0.created_at,
        p1_0.payment_method,
        p1_0.status,
        p1_0.transaction_id,
        p1_0.updated_at,
        b1_0.status,
        b1_0.total_amount,
        b1_0.updated_at,
        b1_0.user_id 
    from
        bookings b1_0 
    left join
        payments p1_0 
            on b1_0.id=p1_0.booking_id 
    where
        b1_0.id=?
Hibernate: 
    select
        s1_0.booking_id,
        s1_1.id,
        s1_1.flight_id,
        s1_1.price,
        s1_1.seat_class,
        s1_1.seat_number,
        s1_1.status 
    from
        booking_seats s1_0 
    join
        seats s1_1 
            on s1_1.id=s1_0.seat_id 
    where
        s1_0.booking_id=?
Hibernate: 
    select
        u1_0.id,
        u1_0.active,
        u1_0.created_at,
        u1_0.email,
        u1_0.first_name,
        u1_0.last_name,
        u1_0.password,
        u1_0.phone,
        u1_0.role,
        u1_0.updated_at 
    from
        users u1_0 
    where
        u1_0.id=?
Hibernate: 
    select
        f1_0.id,
        f1_0.aircraft_id,
        f1_0.arrival_time,
        f1_0.base_price,
        f1_0.created_at,
        f1_0.departure_time,
        f1_0.destination_airport_id,
        f1_0.flight_number,
        f1_0.origin_airport_id,
        f1_0.status,
        f1_0.updated_at 
    from
        flights f1_0 
    where
        f1_0.id=?
Hibernate: 
    select
        a1_0.id,
        a1_0.city,
        a1_0.country,
        a1_0.iata_code,
        a1_0.name,
        a1_0.timezone 
    from
        airports a1_0 
    where
        a1_0.id=?
Hibernate: 
    select
        a1_0.id,
        a1_0.city,
        a1_0.country,
        a1_0.iata_code,
        a1_0.name,
        a1_0.timezone 
    from
        airports a1_0 
    where
        a1_0.id=?
Hibernate: 
    select
        p1_0.booking_id,
        p1_1.id,
        p1_1.created_at,
        p1_1.date_of_birth,
        p1_1.first_name,
        p1_1.last_name,
        p1_1.nationality,
        p1_1.passport_number,
        p1_1.user_id 
    from
        booking_passengers p1_0 
    join
        passengers p1_1 
            on p1_1.id=p1_0.passenger_id 
    where
        p1_0.booking_id=?
Hibernate: 
    update
        payments 
    set
        amount=?,
        booking_id=?,
        payment_method=?,
        status=?,
        transaction_id=?,
        updated_at=? 
    where
        id=?
Hibernate: 
    update
        bookings 
    set
        booking_reference=?,
        flight_id=?,
        status=?,
        total_amount=?,
        updated_at=?,
        user_id=? 
    where
        id=?
Hibernate: 
    update
        seats 
    set
        flight_id=?,
        price=?,
        seat_class=?,
        seat_number=?,
        status=? 
    where
        id=?
Hibernate: 
    select
        s1_0.id,
        s1_0.flight_id,
        s1_0.price,
        s1_0.seat_class,
        s1_0.seat_number,
        s1_0.status 
    from
        seats s1_0 
    where
        s1_0.id=?
Hibernate: 
    select
        b1_0.id,
        b1_0.booking_reference,
        b1_0.created_at,
        b1_0.flight_id,
        p1_0.id,
        p1_0.amount,
        p1_0.booking_id,
        p1_0.created_at,
        p1_0.payment_method,
        p1_0.status,
        p1_0.transaction_id,
        p1_0.updated_at,
        b1_0.status,
        b1_0.total_amount,
        b1_0.updated_at,
        b1_0.user_id 
    from
        bookings b1_0 
    left join
        payments p1_0 
            on b1_0.id=p1_0.booking_id 
    where
        b1_0.id=?
2026-09-28T03:48:38.432+05:30  WARN 4656 --- [airline-reservation] [nio-8080-exec-2] .m.m.a.ExceptionHandlerExceptionResolver : Resolved [com.airline.reservation.exception.BadRequestException: Booking is already cancelled: PNR-C388642E]
Hibernate: 
    select
        u1_0.id,
        u1_0.active,
        u1_0.created_at,
        u1_0.email,
        u1_0.first_name,
        u1_0.last_name,
        u1_0.password,
        u1_0.phone,
        u1_0.role,
        u1_0.updated_at 
    from
        users u1_0 
    where
        u1_0.id=?
Hibernate: 
    select
        f1_0.id,
        f1_0.aircraft_id,
        f1_0.arrival_time,
        f1_0.base_price,
        f1_0.created_at,
        f1_0.departure_time,
        f1_0.destination_airport_id,
        f1_0.flight_number,
        f1_0.origin_airport_id,
        f1_0.status,
        f1_0.updated_at 
    from
        flights f1_0 
    where
        f1_0.id=?
Hibernate: 
    select
        p1_0.id,
        p1_0.created_at,
        p1_0.date_of_birth,
        p1_0.first_name,
        p1_0.last_name,
        p1_0.nationality,
        p1_0.passport_number,
        p1_0.user_id 
    from
        passengers p1_0 
    where
        p1_0.id in (?)
Hibernate: 
    select
        s1_0.id,
        s1_0.flight_id,
        s1_0.price,
        s1_0.seat_class,
        s1_0.seat_number,
        s1_0.status 
    from
        seats s1_0 
    where
        s1_0.id in (?) 
        and s1_0.flight_id=?
Hibernate: 
    select
        b1_0.id 
    from
        bookings b1_0 
    where
        b1_0.booking_reference=? 
    limit
        ?
Hibernate: 
    insert 
    into
        bookings
        (booking_reference, created_at, flight_id, status, total_amount, updated_at, user_id) 
    values
        (?, ?, ?, ?, ?, ?, ?)
Hibernate: 
    insert 
    into
        payments
        (amount, booking_id, created_at, payment_method, status, transaction_id, updated_at) 
    values
        (?, ?, ?, ?, ?, ?, ?)
Hibernate: 
    select
        a1_0.id,
        a1_0.city,
        a1_0.country,
        a1_0.iata_code,
        a1_0.name,
        a1_0.timezone 
    from
        airports a1_0 
    where
        a1_0.id=?
Hibernate: 
    select
        a1_0.id,
        a1_0.city,
        a1_0.country,
        a1_0.iata_code,
        a1_0.name,
        a1_0.timezone 
    from
        airports a1_0 
    where
        a1_0.id=?
Hibernate: 
    insert 
    into
        booking_passengers
        (booking_id, passenger_id) 
    values
        (?, ?)
Hibernate: 
    insert 
    into
        booking_seats
        (booking_id, seat_id) 
    values
        (?, ?)
Hibernate: 
    select
        u1_0.id,
        u1_0.active,
        u1_0.created_at,
        u1_0.email,
        u1_0.first_name,
        u1_0.last_name,
        u1_0.password,
        u1_0.phone,
        u1_0.role,
        u1_0.updated_at 
    from
        users u1_0 
    where
        u1_0.id=?
2026-09-28T03:48:38.579+05:30  WARN 4656 --- [airline-reservation] [nio-8080-exec-6] .m.m.a.ExceptionHandlerExceptionResolver : Resolved [com.airline.reservation.exception.ResourceNotFoundException: User not found with id: 999]
Hibernate: 
    select
        b1_0.id,
        b1_0.booking_reference,
        b1_0.created_at,
        b1_0.flight_id,
        p1_0.id,
        p1_0.amount,
        p1_0.booking_id,
        p1_0.created_at,
        p1_0.payment_method,
        p1_0.status,
        p1_0.transaction_id,
        p1_0.updated_at,
        b1_0.status,
        b1_0.total_amount,
        b1_0.updated_at,
        b1_0.user_id 
    from
        bookings b1_0 
    left join
        payments p1_0 
            on b1_0.id=p1_0.booking_id 
    where
        b1_0.id=?
Hibernate: 
    select
        p1_0.id,
        p1_0.amount,
        p1_0.booking_id,
        p1_0.created_at,
        p1_0.payment_method,
        p1_0.status,
        p1_0.transaction_id,
        p1_0.updated_at 
    from
        payments p1_0 
    where
        p1_0.booking_id=?
Hibernate: 
    select
        s1_0.booking_id,
        s1_1.id,
        s1_1.flight_id,
        s1_1.price,
        s1_1.seat_class,
        s1_1.seat_number,
        s1_1.status 
    from
        booking_seats s1_0 
    join
        seats s1_1 
            on s1_1.id=s1_0.seat_id 
    where
        s1_0.booking_id=?
Hibernate: 
    update
        payments 
    set
        amount=?,
        booking_id=?,
        payment_method=?,
        status=?,
        transaction_id=?,
        updated_at=? 
    where
        id=?
Hibernate: 
    update
        bookings 
    set
        booking_reference=?,
        flight_id=?,
        status=?,
        total_amount=?,
        updated_at=?,
        user_id=? 
    where
        id=?
Hibernate: 
    update
        seats 
    set
        flight_id=?,
        price=?,
        seat_class=?,
        seat_number=?,
        status=? 
    where
        id=?
Hibernate: 
    select
        u1_0.id,
        u1_0.active,
        u1_0.created_at,
        u1_0.email,
        u1_0.first_name,
        u1_0.last_name,
        u1_0.password,
        u1_0.phone,
        u1_0.role,
        u1_0.updated_at 
    from
        users u1_0 
    where
        u1_0.id=?
Hibernate: 
    select
        f1_0.id,
        f1_0.aircraft_id,
        f1_0.arrival_time,
        f1_0.base_price,
        f1_0.created_at,
        f1_0.departure_time,
        f1_0.destination_airport_id,
        f1_0.flight_number,
        f1_0.origin_airport_id,
        f1_0.status,
        f1_0.updated_at 
    from
        flights f1_0 
    where
        f1_0.id=?
Hibernate: 
    select
        p1_0.id,
        p1_0.created_at,
        p1_0.date_of_birth,
        p1_0.first_name,
        p1_0.last_name,
        p1_0.nationality,
        p1_0.passport_number,
        p1_0.user_id 
    from
        passengers p1_0 
    where
        p1_0.id in (?)
Hibernate: 
    select
        s1_0.id,
        s1_0.flight_id,
        s1_0.price,
        s1_0.seat_class,
        s1_0.seat_number,
        s1_0.status 
    from
        seats s1_0 
    where
        s1_0.id in (?) 
        and s1_0.flight_id=?
2026-09-28T03:48:55.057+05:30  WARN 4656 --- [airline-reservation] [io-8080-exec-10] .m.m.a.ExceptionHandlerExceptionResolver : Resolved [com.airline.reservation.exception.BadRequestException: Seats are not available: 10B]
2026-09-28T03:51:26.233+05:30  INFO 4656 --- [airline-reservation] [   File Watcher] rtingClassPathChangeChangedEventListener : Restarting due to 96 class path changes (0 additions, 95 deletions, 1 modification)
2026-09-28T03:51:26.244+05:30  INFO 4656 --- [airline-reservation] [      Thread-11] j.LocalContainerEntityManagerFactoryBean : Closing JPA EntityManagerFactory for persistence unit 'default'
2026-09-28T03:51:26.245+05:30  INFO 4656 --- [airline-reservation] [      Thread-11] com.zaxxer.hikari.HikariDataSource       : HikariPool-3 - Shutdown initiated...
2026-09-28T03:51:26.250+05:30  INFO 4656 --- [airline-reservation] [      Thread-11] com.zaxxer.hikari.HikariDataSource       : HikariPool-3 - Shutdown completed.

  .   ____          _            __ _ _
 /\\ / ___'_ __ _ _(_)_ __  __ _ \ \ \ \
( ( )\___ | '_ | '_| | '_ \/ _` | \ \ \ \
 \\/  ___)| |_)| | | | | || (_| |  ) ) ) )
  '  |____| .__|_| |_|_| |_\__, | / / / /
 =========|_|==============|___/=/_/_/_/

 :: Spring Boot ::                (v3.3.5)

2026-09-28T03:51:26.330+05:30  INFO 4656 --- [airline-reservation] [  restartedMain] c.a.r.AirlineReservationApplication      : Starting AirlineReservationApplication using Java 21.0.12.1 with PID 4656 (E:\Ongoing Project\airline-reservation\target\classes started by 06piy in e:\Ongoing Project\airline-reservation)
2026-09-28T03:51:26.330+05:30  INFO 4656 --- [airline-reservation] [  restartedMain] c.a.r.AirlineReservationApplication      : No active profile set, falling back to 1 default profile: "default"
2026-09-28T03:51:26.480+05:30  INFO 4656 --- [airline-reservation] [  restartedMain] .s.d.r.c.RepositoryConfigurationDelegate : Bootstrapping Spring Data JPA repositories in DEFAULT mode.
2026-09-28T03:51:26.481+05:30  INFO 4656 --- [airline-reservation] [  restartedMain] .s.d.r.c.RepositoryConfigurationDelegate : Finished Spring Data repository scanning in 0 ms. Found 0 JPA repository interfaces.
2026-09-28T03:51:26.551+05:30  INFO 4656 --- [airline-reservation] [  restartedMain] o.s.b.w.embedded.tomcat.TomcatWebServer  : Tomcat initialized with port 8080 (http)
2026-09-28T03:51:26.552+05:30  INFO 4656 --- [airline-reservation] [  restartedMain] o.apache.catalina.core.StandardService   : Starting service [Tomcat]
2026-09-28T03:51:26.552+05:30  INFO 4656 --- [airline-reservation] [  restartedMain] o.apache.catalina.core.StandardEngine    : Starting Servlet engine: [Apache Tomcat/10.1.31]
2026-09-28T03:51:26.567+05:30  INFO 4656 --- [airline-reservation] [  restartedMain] o.a.c.c.C.[Tomcat].[localhost].[/]       : Initializing Spring embedded WebApplicationContext
2026-09-28T03:51:26.568+05:30  INFO 4656 --- [airline-reservation] [  restartedMain] w.s.c.ServletWebServerApplicationContext : Root WebApplicationContext: initialization completed in 236 ms
2026-09-28T03:51:26.596+05:30  INFO 4656 --- [airline-reservation] [  restartedMain] o.hibernate.jpa.internal.util.LogHelper  : HHH000204: Processing PersistenceUnitInfo [name: default]
2026-09-28T03:51:26.599+05:30  INFO 4656 --- [airline-reservation] [  restartedMain] o.h.c.internal.RegionFactoryInitiator    : HHH000026: Second-level cache disabled
2026-09-28T03:51:26.605+05:30  INFO 4656 --- [airline-reservation] [  restartedMain] o.s.o.j.p.SpringPersistenceUnitInfo      : No LoadTimeWeaver setup: ignoring JPA class transformer
2026-09-28T03:51:26.606+05:30  INFO 4656 --- [airline-reservation] [  restartedMain] com.zaxxer.hikari.HikariDataSource       : HikariPool-4 - Starting...
2026-09-28T03:51:26.610+05:30  INFO 4656 --- [airline-reservation] [  restartedMain] com.zaxxer.hikari.pool.HikariPool        : HikariPool-4 - Added connection com.mysql.cj.jdbc.ConnectionImpl@16c92a35
2026-09-28T03:51:26.611+05:30  INFO 4656 --- [airline-reservation] [  restartedMain] com.zaxxer.hikari.HikariDataSource       : HikariPool-4 - Start completed.
2026-09-28T03:51:26.624+05:30  INFO 4656 --- [airline-reservation] [  restartedMain] o.h.e.t.j.p.i.JtaPlatformInitiator       : HHH000489: No JTA platform available (set 'hibernate.transaction.jta.platform' to enable JTA platform integration)
2026-09-28T03:51:26.625+05:30  INFO 4656 --- [airline-reservation] [  restartedMain] j.LocalContainerEntityManagerFactoryBean : Initialized JPA EntityManagerFactory for persistence unit 'default'
2026-09-28T03:51:26.743+05:30  INFO 4656 --- [airline-reservation] [  restartedMain] o.s.b.d.a.OptionalLiveReloadServer       : LiveReload server is running on port 35729
2026-09-28T03:51:26.752+05:30  INFO 4656 --- [airline-reservation] [  restartedMain] o.s.b.w.embedded.tomcat.TomcatWebServer  : Tomcat started on port 8080 (http) with context path '/'
2026-09-28T03:51:26.754+05:30  INFO 4656 --- [airline-reservation] [  restartedMain] c.a.r.AirlineReservationApplication      : Started AirlineReservationApplication in 0.45 seconds (process running for 3232.663)
2026-09-28T03:51:26.755+05:30  INFO 4656 --- [airline-reservation] [  restartedMain] .ConditionEvaluationDeltaLoggingListener : Condition evaluation unchanged
2026-09-28T03:51:29.640+05:30  INFO 4656 --- [airline-reservation] [   File Watcher] rtingClassPathChangeChangedEventListener : Restarting due to 95 class path changes (95 additions, 0 deletions, 0 modifications)
2026-09-28T03:51:29.654+05:30  INFO 4656 --- [airline-reservation] [      Thread-15] j.LocalContainerEntityManagerFactoryBean : Closing JPA EntityManagerFactory for persistence unit 'default'
2026-09-28T03:51:29.656+05:30  INFO 4656 --- [airline-reservation] [      Thread-15] com.zaxxer.hikari.HikariDataSource       : HikariPool-4 - Shutdown initiated...
2026-09-28T03:51:29.659+05:30  INFO 4656 --- [airline-reservation] [      Thread-15] com.zaxxer.hikari.HikariDataSource       : HikariPool-4 - Shutdown completed.

  .   ____          _            __ _ _
 /\\ / ___'_ __ _ _(_)_ __  __ _ \ \ \ \
( ( )\___ | '_ | '_| | '_ \/ _` | \ \ \ \
 \\/  ___)| |_)| | | | | || (_| |  ) ) ) )
  '  |____| .__|_| |_|_| |_\__, | / / / /
 =========|_|==============|___/=/_/_/_/

 :: Spring Boot ::                (v3.3.5)

2026-09-28T03:51:29.719+05:30  INFO 4656 --- [airline-reservation] [  restartedMain] c.a.r.AirlineReservationApplication      : Starting AirlineReservationApplication using Java 21.0.12.1 with PID 4656 (e:\Ongoing Project\airline-reservation\target\classes started by 06piy in e:\Ongoing Project\airline-reservation)
2026-09-28T03:51:29.719+05:30  INFO 4656 --- [airline-reservation] [  restartedMain] c.a.r.AirlineReservationApplication      : No active profile set, falling back to 1 default profile: "default"
2026-09-28T03:51:29.872+05:30  INFO 4656 --- [airline-reservation] [  restartedMain] .s.d.r.c.RepositoryConfigurationDelegate : Bootstrapping Spring Data JPA repositories in DEFAULT mode.
2026-09-28T03:51:29.911+05:30  INFO 4656 --- [airline-reservation] [  restartedMain] .s.d.r.c.RepositoryConfigurationDelegate : Finished Spring Data repository scanning in 38 ms. Found 8 JPA repository interfaces.
2026-09-28T03:51:29.975+05:30  INFO 4656 --- [airline-reservation] [  restartedMain] o.s.b.w.embedded.tomcat.TomcatWebServer  : Tomcat initialized with port 8080 (http)
2026-09-28T03:51:29.975+05:30  INFO 4656 --- [airline-reservation] [  restartedMain] o.apache.catalina.core.StandardService   : Starting service [Tomcat]
2026-09-28T03:51:29.975+05:30  INFO 4656 --- [airline-reservation] [  restartedMain] o.apache.catalina.core.StandardEngine    : Starting Servlet engine: [Apache Tomcat/10.1.31]
2026-09-28T03:51:29.994+05:30  INFO 4656 --- [airline-reservation] [  restartedMain] o.a.c.c.C.[Tomcat].[localhost].[/]       : Initializing Spring embedded WebApplicationContext
2026-09-28T03:51:29.995+05:30  INFO 4656 --- [airline-reservation] [  restartedMain] w.s.c.ServletWebServerApplicationContext : Root WebApplicationContext: initialization completed in 274 ms
2026-09-28T03:51:30.025+05:30  INFO 4656 --- [airline-reservation] [  restartedMain] o.hibernate.jpa.internal.util.LogHelper  : HHH000204: Processing PersistenceUnitInfo [name: default]
2026-09-28T03:51:30.027+05:30  INFO 4656 --- [airline-reservation] [  restartedMain] o.h.c.internal.RegionFactoryInitiator    : HHH000026: Second-level cache disabled
2026-09-28T03:51:30.031+05:30  INFO 4656 --- [airline-reservation] [  restartedMain] o.s.o.j.p.SpringPersistenceUnitInfo      : No LoadTimeWeaver setup: ignoring JPA class transformer
2026-09-28T03:51:30.032+05:30  INFO 4656 --- [airline-reservation] [  restartedMain] com.zaxxer.hikari.HikariDataSource       : HikariPool-5 - Starting...
2026-09-28T03:51:30.036+05:30  INFO 4656 --- [airline-reservation] [  restartedMain] com.zaxxer.hikari.pool.HikariPool        : HikariPool-5 - Added connection com.mysql.cj.jdbc.ConnectionImpl@16eee1da
2026-09-28T03:51:30.036+05:30  INFO 4656 --- [airline-reservation] [  restartedMain] com.zaxxer.hikari.HikariDataSource       : HikariPool-5 - Start completed.
2026-09-28T03:51:30.151+05:30  INFO 4656 --- [airline-reservation] [  restartedMain] o.h.e.t.j.p.i.JtaPlatformInitiator       : HHH000489: No JTA platform available (set 'hibernate.transaction.jta.platform' to enable JTA platform integration)
2026-09-28T03:51:30.234+05:30  INFO 4656 --- [airline-reservation] [  restartedMain] j.LocalContainerEntityManagerFactoryBean : Initialized JPA EntityManagerFactory for persistence unit 'default'
2026-09-28T03:51:30.491+05:30  INFO 4656 --- [airline-reservation] [  restartedMain] o.s.b.d.a.OptionalLiveReloadServer       : LiveReload server is running on port 35729
2026-09-28T03:51:30.498+05:30  INFO 4656 --- [airline-reservation] [  restartedMain] o.s.b.w.embedded.tomcat.TomcatWebServer  : Tomcat started on port 8080 (http) with context path '/'
2026-09-28T03:51:30.500+05:30  INFO 4656 --- [airline-reservation] [  restartedMain] c.a.r.AirlineReservationApplication      : Started AirlineReservationApplication in 0.801 seconds (process running for 3236.41)
2026-09-28T03:51:30.502+05:30  INFO 4656 --- [airline-reservation] [  restartedMain] .ConditionEvaluationDeltaLoggingListener : Condition evaluation unchanged
2026-09-28T03:52:25.664+05:30  INFO 4656 --- [airline-reservation] [nio-8080-exec-1] o.a.c.c.C.[Tomcat].[localhost].[/]       : Initializing Spring DispatcherServlet 'dispatcherServlet'
2026-09-28T03:52:25.664+05:30  INFO 4656 --- [airline-reservation] [nio-8080-exec-1] o.s.web.servlet.DispatcherServlet        : Initializing Servlet 'dispatcherServlet'
2026-09-28T03:52:25.665+05:30  INFO 4656 --- [airline-reservation] [nio-8080-exec-1] o.s.web.servlet.DispatcherServlet        : Completed initialization in 1 ms
Hibernate: 
    select
        a1_0.id,
        a1_0.city,
        a1_0.country,
        a1_0.iata_code,
        a1_0.name,
        a1_0.timezone 
    from
        airports a1_0
Hibernate: 
    select
        a1_0.id,
        a1_0.city,
        a1_0.country,
        a1_0.iata_code,
        a1_0.name,
        a1_0.timezone 
    from
        airports a1_0
Hibernate: 
    select
        a1_0.id,
        a1_0.city,
        a1_0.country,
        a1_0.iata_code,
        a1_0.name,
        a1_0.timezone 
    from
        airports a1_0 
    where
        a1_0.id=?
Hibernate: 
    select
        a1_0.id,
        a1_0.city,
        a1_0.country,
        a1_0.iata_code,
        a1_0.name,
        a1_0.timezone 
    from
        airports a1_0 
    where
        a1_0.iata_code=?
Hibernate: 
    select
        a1_0.id,
        a1_0.active,
        a1_0.business_seats,
        a1_0.economy_seats,
        a1_0.first_class_seats,
        a1_0.manufacturer,
        a1_0.model,
        a1_0.registration_number,
        a1_0.total_seats 
    from
        aircraft a1_0
Hibernate: 
    select
        a1_0.id,
        a1_0.active,
        a1_0.business_seats,
        a1_0.economy_seats,
        a1_0.first_class_seats,
        a1_0.manufacturer,
        a1_0.model,
        a1_0.registration_number,
        a1_0.total_seats 
    from
        aircraft a1_0 
    where
        a1_0.id=?
Hibernate: 
    select
        u1_0.id,
        u1_0.active,
        u1_0.created_at,
        u1_0.email,
        u1_0.first_name,
        u1_0.last_name,
        u1_0.password,
        u1_0.phone,
        u1_0.role,
        u1_0.updated_at 
    from
        users u1_0
Hibernate: 
    select
        u1_0.id,
        u1_0.active,
        u1_0.created_at,
        u1_0.email,
        u1_0.first_name,
        u1_0.last_name,
        u1_0.password,
        u1_0.phone,
        u1_0.role,
        u1_0.updated_at 
    from
        users u1_0 
    where
        u1_0.id=?
Hibernate: 
    select
        f1_0.id,
        f1_0.aircraft_id,
        f1_0.arrival_time,
        f1_0.base_price,
        f1_0.created_at,
        f1_0.departure_time,
        f1_0.destination_airport_id,
        f1_0.flight_number,
        f1_0.origin_airport_id,
        f1_0.status,
        f1_0.updated_at 
    from
        flights f1_0
Hibernate: 
    select
        a1_0.id,
        a1_0.active,
        a1_0.business_seats,
        a1_0.economy_seats,
        a1_0.first_class_seats,
        a1_0.manufacturer,
        a1_0.model,
        a1_0.registration_number,
        a1_0.total_seats 
    from
        aircraft a1_0 
    where
        a1_0.id=?
Hibernate: 
    select
        a1_0.id,
        a1_0.city,
        a1_0.country,
        a1_0.iata_code,
        a1_0.name,
        a1_0.timezone 
    from
        airports a1_0 
    where
        a1_0.id=?
Hibernate: 
    select
        a1_0.id,
        a1_0.city,
        a1_0.country,
        a1_0.iata_code,
        a1_0.name,
        a1_0.timezone 
    from
        airports a1_0 
    where
        a1_0.id=?
Hibernate: 
    select
        f1_0.id,
        f1_0.aircraft_id,
        f1_0.arrival_time,
        f1_0.base_price,
        f1_0.created_at,
        f1_0.departure_time,
        f1_0.destination_airport_id,
        f1_0.flight_number,
        f1_0.origin_airport_id,
        f1_0.status,
        f1_0.updated_at 
    from
        flights f1_0 
    where
        f1_0.id=?
Hibernate: 
    select
        a1_0.id,
        a1_0.active,
        a1_0.business_seats,
        a1_0.economy_seats,
        a1_0.first_class_seats,
        a1_0.manufacturer,
        a1_0.model,
        a1_0.registration_number,
        a1_0.total_seats 
    from
        aircraft a1_0 
    where
        a1_0.id=?
Hibernate: 
    select
        a1_0.id,
        a1_0.city,
        a1_0.country,
        a1_0.iata_code,
        a1_0.name,
        a1_0.timezone 
    from
        airports a1_0 
    where
        a1_0.id=?
Hibernate: 
    select
        a1_0.id,
        a1_0.city,
        a1_0.country,
        a1_0.iata_code,
        a1_0.name,
        a1_0.timezone 
    from
        airports a1_0 
    where
        a1_0.id=?
Hibernate: 
    select
        f1_0.id,
        f1_0.aircraft_id,
        f1_0.arrival_time,
        f1_0.base_price,
        f1_0.created_at,
        f1_0.departure_time,
        f1_0.destination_airport_id,
        f1_0.flight_number,
        f1_0.origin_airport_id,
        f1_0.status,
        f1_0.updated_at 
    from
        flights f1_0 
    where
        f1_0.flight_number=?
Hibernate: 
    select
        a1_0.id,
        a1_0.active,
        a1_0.business_seats,
        a1_0.economy_seats,
        a1_0.first_class_seats,
        a1_0.manufacturer,
        a1_0.model,
        a1_0.registration_number,
        a1_0.total_seats 
    from
        aircraft a1_0 
    where
        a1_0.id=?
Hibernate: 
    select
        a1_0.id,
        a1_0.city,
        a1_0.country,
        a1_0.iata_code,
        a1_0.name,
        a1_0.timezone 
    from
        airports a1_0 
    where
        a1_0.id=?
Hibernate: 
    select
        a1_0.id,
        a1_0.city,
        a1_0.country,
        a1_0.iata_code,
        a1_0.name,
        a1_0.timezone 
    from
        airports a1_0 
    where
        a1_0.id=?
Hibernate: 
    select
        f1_0.id,
        f1_0.aircraft_id,
        f1_0.arrival_time,
        f1_0.base_price,
        f1_0.created_at,
        f1_0.departure_time,
        f1_0.destination_airport_id,
        f1_0.flight_number,
        f1_0.origin_airport_id,
        f1_0.status,
        f1_0.updated_at 
    from
        flights f1_0 
    join
        airports da1_0 
            on da1_0.id=f1_0.destination_airport_id 
    join
        airports oa1_0 
            on oa1_0.id=f1_0.origin_airport_id 
    where
        oa1_0.iata_code=? 
        and da1_0.iata_code=? 
        and f1_0.departure_time>=? 
        and f1_0.departure_time<=? 
        and f1_0.status='SCHEDULED'
Hibernate: 
    select
        a1_0.id,
        a1_0.active,
        a1_0.business_seats,
        a1_0.economy_seats,
        a1_0.first_class_seats,
        a1_0.manufacturer,
        a1_0.model,
        a1_0.registration_number,
        a1_0.total_seats 
    from
        aircraft a1_0 
    where
        a1_0.id=?
Hibernate: 
    select
        a1_0.id,
        a1_0.city,
        a1_0.country,
        a1_0.iata_code,
        a1_0.name,
        a1_0.timezone 
    from
        airports a1_0 
    where
        a1_0.id=?
Hibernate: 
    select
        a1_0.id,
        a1_0.city,
        a1_0.country,
        a1_0.iata_code,
        a1_0.name,
        a1_0.timezone 
    from
        airports a1_0 
    where
        a1_0.id=?
Hibernate: 
    select
        s1_0.id,
        s1_0.flight_id,
        s1_0.price,
        s1_0.seat_class,
        s1_0.seat_number,
        s1_0.status 
    from
        seats s1_0 
    where
        s1_0.flight_id=?
Hibernate: 
    select
        s1_0.id,
        s1_0.flight_id,
        s1_0.price,
        s1_0.seat_class,
        s1_0.seat_number,
        s1_0.status 
    from
        seats s1_0 
    where
        s1_0.flight_id=? 
        and s1_0.status=?
Hibernate: 
    select
        s1_0.id,
        s1_0.flight_id,
        s1_0.price,
        s1_0.seat_class,
        s1_0.seat_number,
        s1_0.status 
    from
        seats s1_0 
    where
        s1_0.flight_id=? 
        and s1_0.seat_class=?
Hibernate: 
    select
        s1_0.id,
        s1_0.flight_id,
        s1_0.price,
        s1_0.seat_class,
        s1_0.seat_number,
        s1_0.status 
    from
        seats s1_0 
    where
        s1_0.id=?
Hibernate: 
    select
        p1_0.id,
        p1_0.created_at,
        p1_0.date_of_birth,
        p1_0.first_name,
        p1_0.last_name,
        p1_0.nationality,
        p1_0.passport_number,
        p1_0.user_id 
    from
        passengers p1_0 
    where
        p1_0.id=?
Hibernate: 
    select
        p1_0.id,
        p1_0.created_at,
        p1_0.date_of_birth,
        p1_0.first_name,
        p1_0.last_name,
        p1_0.nationality,
        p1_0.passport_number,
        p1_0.user_id 
    from
        passengers p1_0 
    where
        p1_0.passport_number=?
Hibernate: 
    select
        count(*) 
    from
        users u1_0 
    where
        u1_0.id=?
Hibernate: 
    select
        p1_0.id,
        p1_0.created_at,
        p1_0.date_of_birth,
        p1_0.first_name,
        p1_0.last_name,
        p1_0.nationality,
        p1_0.passport_number,
        p1_0.user_id 
    from
        passengers p1_0 
    where
        p1_0.user_id=?
Hibernate: 
    select
        b1_0.id,
        b1_0.booking_reference,
        b1_0.created_at,
        b1_0.flight_id,
        p1_0.id,
        p1_0.amount,
        p1_0.booking_id,
        p1_0.created_at,
        p1_0.payment_method,
        p1_0.status,
        p1_0.transaction_id,
        p1_0.updated_at,
        b1_0.status,
        b1_0.total_amount,
        b1_0.updated_at,
        b1_0.user_id 
    from
        bookings b1_0 
    left join
        payments p1_0 
            on b1_0.id=p1_0.booking_id 
    where
        b1_0.id=?
Hibernate: 
    select
        u1_0.id,
        u1_0.active,
        u1_0.created_at,
        u1_0.email,
        u1_0.first_name,
        u1_0.last_name,
        u1_0.password,
        u1_0.phone,
        u1_0.role,
        u1_0.updated_at 
    from
        users u1_0 
    where
        u1_0.id=?
Hibernate: 
    select
        f1_0.id,
        f1_0.aircraft_id,
        f1_0.arrival_time,
        f1_0.base_price,
        f1_0.created_at,
        f1_0.departure_time,
        f1_0.destination_airport_id,
        f1_0.flight_number,
        f1_0.origin_airport_id,
        f1_0.status,
        f1_0.updated_at 
    from
        flights f1_0 
    where
        f1_0.id=?
Hibernate: 
    select
        a1_0.id,
        a1_0.city,
        a1_0.country,
        a1_0.iata_code,
        a1_0.name,
        a1_0.timezone 
    from
        airports a1_0 
    where
        a1_0.id=?
Hibernate: 
    select
        a1_0.id,
        a1_0.city,
        a1_0.country,
        a1_0.iata_code,
        a1_0.name,
        a1_0.timezone 
    from
        airports a1_0 
    where
        a1_0.id=?
Hibernate: 
    select
        p1_0.booking_id,
        p1_1.id,
        p1_1.created_at,
        p1_1.date_of_birth,
        p1_1.first_name,
        p1_1.last_name,
        p1_1.nationality,
        p1_1.passport_number,
        p1_1.user_id 
    from
        booking_passengers p1_0 
    join
        passengers p1_1 
            on p1_1.id=p1_0.passenger_id 
    where
        p1_0.booking_id=?
Hibernate: 
    select
        s1_0.booking_id,
        s1_1.id,
        s1_1.flight_id,
        s1_1.price,
        s1_1.seat_class,
        s1_1.seat_number,
        s1_1.status 
    from
        booking_seats s1_0 
    join
        seats s1_1 
            on s1_1.id=s1_0.seat_id 
    where
        s1_0.booking_id=?
Hibernate: 
    select
        b1_0.id,
        b1_0.booking_reference,
        b1_0.created_at,
        b1_0.flight_id,
        b1_0.status,
        b1_0.total_amount,
        b1_0.updated_at,
        b1_0.user_id 
    from
        bookings b1_0 
    where
        b1_0.booking_reference=?
Hibernate: 
    select
        p1_0.id,
        p1_0.amount,
        p1_0.booking_id,
        p1_0.created_at,
        p1_0.payment_method,
        p1_0.status,
        p1_0.transaction_id,
        p1_0.updated_at 
    from
        payments p1_0 
    where
        p1_0.booking_id=?
Hibernate: 
    select
        u1_0.id,
        u1_0.active,
        u1_0.created_at,
        u1_0.email,
        u1_0.first_name,
        u1_0.last_name,
        u1_0.password,
        u1_0.phone,
        u1_0.role,
        u1_0.updated_at 
    from
        users u1_0 
    where
        u1_0.id=?
Hibernate: 
    select
        f1_0.id,
        f1_0.aircraft_id,
        f1_0.arrival_time,
        f1_0.base_price,
        f1_0.created_at,
        f1_0.departure_time,
        f1_0.destination_airport_id,
        f1_0.flight_number,
        f1_0.origin_airport_id,
        f1_0.status,
        f1_0.updated_at 
    from
        flights f1_0 
    where
        f1_0.id=?
Hibernate: 
    select
        a1_0.id,
        a1_0.city,
        a1_0.country,
        a1_0.iata_code,
        a1_0.name,
        a1_0.timezone 
    from
        airports a1_0 
    where
        a1_0.id=?
Hibernate: 
    select
        a1_0.id,
        a1_0.city,
        a1_0.country,
        a1_0.iata_code,
        a1_0.name,
        a1_0.timezone 
    from
        airports a1_0 
    where
        a1_0.id=?
Hibernate: 
    select
        p1_0.booking_id,
        p1_1.id,
        p1_1.created_at,
        p1_1.date_of_birth,
        p1_1.first_name,
        p1_1.last_name,
        p1_1.nationality,
        p1_1.passport_number,
        p1_1.user_id 
    from
        booking_passengers p1_0 
    join
        passengers p1_1 
            on p1_1.id=p1_0.passenger_id 
    where
        p1_0.booking_id=?
Hibernate: 
    select
        s1_0.booking_id,
        s1_1.id,
        s1_1.flight_id,
        s1_1.price,
        s1_1.seat_class,
        s1_1.seat_number,
        s1_1.status 
    from
        booking_seats s1_0 
    join
        seats s1_1 
            on s1_1.id=s1_0.seat_id 
    where
        s1_0.booking_id=?
Hibernate: 
    select
        count(*) 
    from
        users u1_0 
    where
        u1_0.id=?
Hibernate: 
    select
        b1_0.id,
        b1_0.booking_reference,
        b1_0.created_at,
        b1_0.flight_id,
        b1_0.status,
        b1_0.total_amount,
        b1_0.updated_at,
        b1_0.user_id 
    from
        bookings b1_0 
    where
        b1_0.user_id=? 
    order by
        b1_0.created_at desc
Hibernate: 
    select
        p1_0.id,
        p1_0.amount,
        p1_0.booking_id,
        p1_0.created_at,
        p1_0.payment_method,
        p1_0.status,
        p1_0.transaction_id,
        p1_0.updated_at 
    from
        payments p1_0 
    where
        p1_0.booking_id=?
Hibernate: 
    select
        p1_0.id,
        p1_0.amount,
        p1_0.booking_id,
        p1_0.created_at,
        p1_0.payment_method,
        p1_0.status,
        p1_0.transaction_id,
        p1_0.updated_at 
    from
        payments p1_0 
    where
        p1_0.booking_id=?
Hibernate: 
    select
        p1_0.id,
        p1_0.amount,
        p1_0.booking_id,
        p1_0.created_at,
        p1_0.payment_method,
        p1_0.status,
        p1_0.transaction_id,
        p1_0.updated_at 
    from
        payments p1_0 
    where
        p1_0.booking_id=?
Hibernate: 
    select
        f1_0.id,
        f1_0.aircraft_id,
        f1_0.arrival_time,
        f1_0.base_price,
        f1_0.created_at,
        f1_0.departure_time,
        f1_0.destination_airport_id,
        f1_0.flight_number,
        f1_0.origin_airport_id,
        f1_0.status,
        f1_0.updated_at 
    from
        flights f1_0 
    where
        f1_0.id=?
Hibernate: 
    select
        a1_0.id,
        a1_0.city,
        a1_0.country,
        a1_0.iata_code,
        a1_0.name,
        a1_0.timezone 
    from
        airports a1_0 
    where
        a1_0.id=?
Hibernate: 
    select
        a1_0.id,
        a1_0.city,
        a1_0.country,
        a1_0.iata_code,
        a1_0.name,
        a1_0.timezone 
    from
        airports a1_0 
    where
        a1_0.id=?
Hibernate: 
    select
        count(*) 
    from
        users u1_0 
    where
        u1_0.id=?
Hibernate: 
    select
        b1_0.id,
        b1_0.booking_reference,
        b1_0.created_at,
        b1_0.flight_id,
        b1_0.status,
        b1_0.total_amount,
        b1_0.updated_at,
        b1_0.user_id 
    from
        bookings b1_0 
    where
        b1_0.user_id=? 
        and b1_0.status=? 
    order by
        b1_0.created_at desc
Hibernate: 
    select
        p1_0.id,
        p1_0.amount,
        p1_0.booking_id,
        p1_0.created_at,
        p1_0.payment_method,
        p1_0.status,
        p1_0.transaction_id,
        p1_0.updated_at 
    from
        payments p1_0 
    where
        p1_0.booking_id=?
Hibernate: 
    select
        f1_0.id,
        f1_0.aircraft_id,
        f1_0.arrival_time,
        f1_0.base_price,
        f1_0.created_at,
        f1_0.departure_time,
        f1_0.destination_airport_id,
        f1_0.flight_number,
        f1_0.origin_airport_id,
        f1_0.status,
        f1_0.updated_at 
    from
        flights f1_0 
    where
        f1_0.id=?
Hibernate: 
    select
        a1_0.id,
        a1_0.city,
        a1_0.country,
        a1_0.iata_code,
        a1_0.name,
        a1_0.timezone 
    from
        airports a1_0 
    where
        a1_0.id=?
Hibernate: 
    select
        a1_0.id,
        a1_0.city,
        a1_0.country,
        a1_0.iata_code,
        a1_0.name,
        a1_0.timezone 
    from
        airports a1_0 
    where
        a1_0.id=?
Hibernate: 
    select
        count(*) 
    from
        bookings b1_0 
    where
        b1_0.id=?
Hibernate: 
    select
        p1_0.id,
        p1_0.amount,
        p1_0.booking_id,
        p1_0.created_at,
        p1_0.payment_method,
        p1_0.status,
        p1_0.transaction_id,
        p1_0.updated_at 
    from
        payments p1_0 
    where
        p1_0.booking_id=?
Hibernate: 
    select
        b1_0.id,
        b1_0.booking_reference,
        b1_0.created_at,
        b1_0.flight_id,
        p1_0.id,
        p1_0.amount,
        p1_0.booking_id,
        p1_0.created_at,
        p1_0.payment_method,
        p1_0.status,
        p1_0.transaction_id,
        p1_0.updated_at,
        b1_0.status,
        b1_0.total_amount,
        b1_0.updated_at,
        b1_0.user_id 
    from
        bookings b1_0 
    left join
        payments p1_0 
            on b1_0.id=p1_0.booking_id 
    where
        b1_0.id=?
Hibernate: 
    select
        b1_0.id,
        b1_0.booking_reference,
        b1_0.created_at,
        b1_0.flight_id,
        p1_0.id,
        p1_0.amount,
        p1_0.booking_id,
        p1_0.created_at,
        p1_0.payment_method,
        p1_0.status,
        p1_0.transaction_id,
        p1_0.updated_at,
        b1_0.status,
        b1_0.total_amount,
        b1_0.updated_at,
        b1_0.user_id 
    from
        bookings b1_0 
    left join
        payments p1_0 
            on b1_0.id=p1_0.booking_id 
    where
        b1_0.id=?
Hibernate: 
    select
        u1_0.id,
        u1_0.active,
        u1_0.created_at,
        u1_0.email,
        u1_0.first_name,
        u1_0.last_name,
        u1_0.password,
        u1_0.phone,
        u1_0.role,
        u1_0.updated_at 
    from
        users u1_0 
    where
        u1_0.id=?
Hibernate: 
    select
        f1_0.id,
        f1_0.aircraft_id,
        f1_0.arrival_time,
        f1_0.base_price,
        f1_0.created_at,
        f1_0.departure_time,
        f1_0.destination_airport_id,
        f1_0.flight_number,
        f1_0.origin_airport_id,
        f1_0.status,
        f1_0.updated_at 
    from
        flights f1_0 
    where
        f1_0.id=?
Hibernate: 
    select
        a1_0.id,
        a1_0.city,
        a1_0.country,
        a1_0.iata_code,
        a1_0.name,
        a1_0.timezone 
    from
        airports a1_0 
    where
        a1_0.id=?
Hibernate: 
    select
        a1_0.id,
        a1_0.city,
        a1_0.country,
        a1_0.iata_code,
        a1_0.name,
        a1_0.timezone 
    from
        airports a1_0 
    where
        a1_0.id=?
Hibernate: 
    select
        p1_0.booking_id,
        p1_1.id,
        p1_1.created_at,
        p1_1.date_of_birth,
        p1_1.first_name,
        p1_1.last_name,
        p1_1.nationality,
        p1_1.passport_number,
        p1_1.user_id 
    from
        booking_passengers p1_0 
    join
        passengers p1_1 
            on p1_1.id=p1_0.passenger_id 
    where
        p1_0.booking_id=?
Hibernate: 
    select
        s1_0.booking_id,
        s1_1.id,
        s1_1.flight_id,
        s1_1.price,
        s1_1.seat_class,
        s1_1.seat_number,
        s1_1.status 
    from
        booking_seats s1_0 
    join
        seats s1_1 
            on s1_1.id=s1_0.seat_id 
    where
        s1_0.booking_id=?
Hibernate: 
    select
        b1_0.id,
        b1_0.booking_reference,
        b1_0.created_at,
        b1_0.flight_id,
        p1_0.id,
        p1_0.amount,
        p1_0.booking_id,
        p1_0.created_at,
        p1_0.payment_method,
        p1_0.status,
        p1_0.transaction_id,
        p1_0.updated_at,
        b1_0.status,
        b1_0.total_amount,
        b1_0.updated_at,
        b1_0.user_id 
    from
        bookings b1_0 
    left join
        payments p1_0 
            on b1_0.id=p1_0.booking_id 
    where
        b1_0.id=?
Hibernate: 
    select
        u1_0.id,
        u1_0.active,
        u1_0.created_at,
        u1_0.email,
        u1_0.first_name,
        u1_0.last_name,
        u1_0.password,
        u1_0.phone,
        u1_0.role,
        u1_0.updated_at 
    from
        users u1_0 
    where
        u1_0.id=?
Hibernate: 
    select
        f1_0.id,
        f1_0.aircraft_id,
        f1_0.arrival_time,
        f1_0.base_price,
        f1_0.created_at,
        f1_0.departure_time,
        f1_0.destination_airport_id,
        f1_0.flight_number,
        f1_0.origin_airport_id,
        f1_0.status,
        f1_0.updated_at 
    from
        flights f1_0 
    where
        f1_0.id=?
Hibernate: 
    select
        a1_0.id,
        a1_0.city,
        a1_0.country,
        a1_0.iata_code,
        a1_0.name,
        a1_0.timezone 
    from
        airports a1_0 
    where
        a1_0.id=?
Hibernate: 
    select
        a1_0.id,
        a1_0.city,
        a1_0.country,
        a1_0.iata_code,
        a1_0.name,
        a1_0.timezone 
    from
        airports a1_0 
    where
        a1_0.id=?
Hibernate: 
    select
        p1_0.booking_id,
        p1_1.id,
        p1_1.created_at,
        p1_1.date_of_birth,
        p1_1.first_name,
        p1_1.last_name,
        p1_1.nationality,
        p1_1.passport_number,
        p1_1.user_id 
    from
        booking_passengers p1_0 
    join
        passengers p1_1 
            on p1_1.id=p1_0.passenger_id 
    where
        p1_0.booking_id=?
Hibernate: 
    select
        s1_0.booking_id,
        s1_1.id,
        s1_1.flight_id,
        s1_1.price,
        s1_1.seat_class,
        s1_1.seat_number,
        s1_1.status 
    from
        booking_seats s1_0 
    join
        seats s1_1 
            on s1_1.id=s1_0.seat_id 
    where
        s1_0.booking_id=?
Hibernate: 
    select
        u1_0.id,
        u1_0.active,
        u1_0.created_at,
        u1_0.email,
        u1_0.first_name,
        u1_0.last_name,
        u1_0.password,
        u1_0.phone,
        u1_0.role,
        u1_0.updated_at 
    from
        users u1_0 
    where
        u1_0.id=?
Hibernate: 
    select
        f1_0.id,
        f1_0.aircraft_id,
        f1_0.arrival_time,
        f1_0.base_price,
        f1_0.created_at,
        f1_0.departure_time,
        f1_0.destination_airport_id,
        f1_0.flight_number,
        f1_0.origin_airport_id,
        f1_0.status,
        f1_0.updated_at 
    from
        flights f1_0 
    where
        f1_0.id=?
Hibernate: 
    select
        p1_0.id,
        p1_0.created_at,
        p1_0.date_of_birth,
        p1_0.first_name,
        p1_0.last_name,
        p1_0.nationality,
        p1_0.passport_number,
        p1_0.user_id 
    from
        passengers p1_0 
    where
        p1_0.id in (?)
Hibernate: 
    select
        s1_0.id,
        s1_0.flight_id,
        s1_0.price,
        s1_0.seat_class,
        s1_0.seat_number,
        s1_0.status 
    from
        seats s1_0 
    where
        s1_0.id in (?) 
        and s1_0.flight_id=?
2026-09-28T03:54:48.223+05:30  WARN 4656 --- [airline-reservation] [nio-8080-exec-2] .m.m.a.ExceptionHandlerExceptionResolver : Resolved [com.airline.reservation.exception.BadRequestException: Seats are not available: 10B]
Hibernate: 
    select
        b1_0.id,
        b1_0.booking_reference,
        b1_0.created_at,
        b1_0.flight_id,
        p1_0.id,
        p1_0.amount,
        p1_0.booking_id,
        p1_0.created_at,
        p1_0.payment_method,
        p1_0.status,
        p1_0.transaction_id,
        p1_0.updated_at,
        b1_0.status,
        b1_0.total_amount,
        b1_0.updated_at,
        b1_0.user_id 
    from
        bookings b1_0 
    left join
        payments p1_0 
            on b1_0.id=p1_0.booking_id 
    where
        b1_0.id=?
2026-09-28T03:54:48.256+05:30  WARN 4656 --- [airline-reservation] [nio-8080-exec-3] .m.m.a.ExceptionHandlerExceptionResolver : Resolved [com.airline.reservation.exception.BadRequestException: Booking is already cancelled: PNR-C388642E]
Hibernate: 
    select
        b1_0.id,
        b1_0.booking_reference,
        b1_0.created_at,
        b1_0.flight_id,
        p1_0.id,
        p1_0.amount,
        p1_0.booking_id,
        p1_0.created_at,
        p1_0.payment_method,
        p1_0.status,
        p1_0.transaction_id,
        p1_0.updated_at,
        b1_0.status,
        b1_0.total_amount,
        b1_0.updated_at,
        b1_0.user_id 
    from
        bookings b1_0 
    left join
        payments p1_0 
            on b1_0.id=p1_0.booking_id 
    where
        b1_0.id=?
2026-09-28T03:54:48.295+05:30  WARN 4656 --- [airline-reservation] [nio-8080-exec-4] .m.m.a.ExceptionHandlerExceptionResolver : Resolved [com.airline.reservation.exception.BadRequestException: Cannot process payment for a cancelled booking: PNR-C388642E]
Hibernate: 
    select
        b1_0.id,
        b1_0.booking_reference,
        b1_0.created_at,
        b1_0.flight_id,
        p1_0.id,
        p1_0.amount,
        p1_0.booking_id,
        p1_0.created_at,
        p1_0.payment_method,
        p1_0.status,
        p1_0.transaction_id,
        p1_0.updated_at,
        b1_0.status,
        b1_0.total_amount,
        b1_0.updated_at,
        b1_0.user_id 
    from
        bookings b1_0 
    left join
        payments p1_0 
            on b1_0.id=p1_0.booking_id 
    where
        b1_0.id=?
2026-09-28T03:54:48.335+05:30  WARN 4656 --- [airline-reservation] [nio-8080-exec-5] .m.m.a.ExceptionHandlerExceptionResolver : Resolved [com.airline.reservation.exception.BadRequestException: Booking is already confirmed and paid: PNR-5F9379D7]
Hibernate: 
    select
        b1_0.id,
        b1_0.booking_reference,
        b1_0.created_at,
        b1_0.flight_id,
        p1_0.id,
        p1_0.amount,
        p1_0.booking_id,
        p1_0.created_at,
        p1_0.payment_method,
        p1_0.status,
        p1_0.transaction_id,
        p1_0.updated_at,
        b1_0.status,
        b1_0.total_amount,
        b1_0.updated_at,
        b1_0.user_id 
    from
        bookings b1_0 
    left join
        payments p1_0 
            on b1_0.id=p1_0.booking_id 
    where
        b1_0.id=?
2026-09-28T03:55:02.085+05:30  WARN 4656 --- [airline-reservation] [nio-8080-exec-6] .m.m.a.ExceptionHandlerExceptionResolver : Resolved [com.airline.reservation.exception.ResourceNotFoundException: Booking not found with id: 9999]
Hibernate: 
    select
        u1_0.id,
        u1_0.active,
        u1_0.created_at,
        u1_0.email,
        u1_0.first_name,
        u1_0.last_name,
        u1_0.password,
        u1_0.phone,
        u1_0.role,
        u1_0.updated_at 
    from
        users u1_0 
    where
        u1_0.id=?
2026-09-28T03:55:02.134+05:30  WARN 4656 --- [airline-reservation] [nio-8080-exec-8] .m.m.a.ExceptionHandlerExceptionResolver : Resolved [com.airline.reservation.exception.ResourceNotFoundException: User not found with id: 9999]
Hibernate: 
    select
        f1_0.id,
        f1_0.aircraft_id,
        f1_0.arrival_time,
        f1_0.base_price,
        f1_0.created_at,
        f1_0.departure_time,
        f1_0.destination_airport_id,
        f1_0.flight_number,
        f1_0.origin_airport_id,
        f1_0.status,
        f1_0.updated_at 
    from
        flights f1_0 
    where
        f1_0.id=?
2026-09-28T03:55:02.192+05:30  WARN 4656 --- [airline-reservation] [io-8080-exec-10] .m.m.a.ExceptionHandlerExceptionResolver : Resolved [com.airline.reservation.exception.ResourceNotFoundException: Flight not found with id: 9999]
Hibernate: 
    select
        a1_0.id 
    from
        airports a1_0 
    where
        a1_0.iata_code=? 
    limit
        ?
2026-09-28T03:55:02.263+05:30  WARN 4656 --- [airline-reservation] [nio-8080-exec-2] .m.m.a.ExceptionHandlerExceptionResolver : Resolved [com.airline.reservation.exception.DuplicateResourceException: Airport with IATA code already exists: DEL]
2026-09-28T03:55:02.328+05:30  WARN 4656 --- [airline-reservation] [nio-8080-exec-4] .m.m.a.ExceptionHandlerExceptionResolver : Resolved [org.springframework.web.bind.MethodArgumentNotValidException: Validation failed for argument [0] in public org.springframework.http.ResponseEntity<com.airline.reservation.dto.response.AirportResponse> com.airline.reservation.controller.AirportController.createAirport(com.airline.reservation.dto.request.AirportRequest) with 2 errors: [Field error in object 'airportRequest' on field 'iataCode': rejected value [ab]; codes [Size.airportRequest.iataCode,Size.iataCode,Size.java.lang.String,Size]; arguments [org.springframework.context.support.DefaultMessageSourceResolvable: codes [airportRequest.iataCode,iataCode]; arguments []; default message [iataCode],3,3]; default message [IATA code must be exactly 3 characters]] [Field error in object 'airportRequest' on field 'iataCode': rejected value [ab]; codes [Pattern.airportRequest.iataCode,Pattern.iataCode,Pattern.java.lang.String,Pattern]; arguments [org.springframework.context.support.DefaultMessageSourceResolvable: codes [airportRequest.iataCode,iataCode]; arguments []; default message [iataCode],[Ljakarta.validation.constraints.Pattern$Flag;@5b37872f,^[A-Z]{3}$]; default message [IATA code must be 3 uppercase letters]] ]
Hibernate: 
    select
        u1_0.id,
        u1_0.active,
        u1_0.created_at,
        u1_0.email,
        u1_0.first_name,
        u1_0.last_name,
        u1_0.password,
        u1_0.phone,
        u1_0.role,
        u1_0.updated_at 
    from
        users u1_0 
    where
        u1_0.id=?
Hibernate: 
    select
        f1_0.id,
        f1_0.aircraft_id,
        f1_0.arrival_time,
        f1_0.base_price,
        f1_0.created_at,
        f1_0.departure_time,
        f1_0.destination_airport_id,
        f1_0.flight_number,
        f1_0.origin_airport_id,
        f1_0.status,
        f1_0.updated_at 
    from
        flights f1_0 
    where
        f1_0.id=?
Hibernate: 
    select
        p1_0.id,
        p1_0.created_at,
        p1_0.date_of_birth,
        p1_0.first_name,
        p1_0.last_name,
        p1_0.nationality,
        p1_0.passport_number,
        p1_0.user_id 
    from
        passengers p1_0 
    where
        p1_0.id in (?, ?)
Hibernate: 
    select
        s1_0.id,
        s1_0.flight_id,
        s1_0.price,
        s1_0.seat_class,
        s1_0.seat_number,
        s1_0.status 
    from
        seats s1_0 
    where
        s1_0.id in (?) 
        and s1_0.flight_id=?
2026-09-28T03:55:57.736+05:30  WARN 4656 --- [airline-reservation] [nio-8080-exec-5] .m.m.a.ExceptionHandlerExceptionResolver : Resolved [com.airline.reservation.exception.BadRequestException: Number of seats must match number of passengers]
Hibernate: 
    select
        u1_0.id,
        u1_0.active,
        u1_0.created_at,
        u1_0.email,
        u1_0.first_name,
        u1_0.last_name,
        u1_0.password,
        u1_0.phone,
        u1_0.role,
        u1_0.updated_at 
    from
        users u1_0 
    where
        u1_0.id=?
Hibernate: 
    select
        f1_0.id,
        f1_0.aircraft_id,
        f1_0.arrival_time,
        f1_0.base_price,
        f1_0.created_at,
        f1_0.departure_time,
        f1_0.destination_airport_id,
        f1_0.flight_number,
        f1_0.origin_airport_id,
        f1_0.status,
        f1_0.updated_at 
    from
        flights f1_0 
    where
        f1_0.id=?
Hibernate: 
    select
        p1_0.id,
        p1_0.created_at,
        p1_0.date_of_birth,
        p1_0.first_name,
        p1_0.last_name,
        p1_0.nationality,
        p1_0.passport_number,
        p1_0.user_id 
    from
        passengers p1_0 
    where
        p1_0.id in (?)
Hibernate: 
    select
        s1_0.id,
        s1_0.flight_id,
        s1_0.price,
        s1_0.seat_class,
        s1_0.seat_number,
        s1_0.status 
    from
        seats s1_0 
    where
        s1_0.id in (?, ?) 
        and s1_0.flight_id=?
2026-09-28T03:55:57.785+05:30  WARN 4656 --- [airline-reservation] [nio-8080-exec-6] .m.m.a.ExceptionHandlerExceptionResolver : Resolved [com.airline.reservation.exception.BadRequestException: Number of seats must match number of passengers]
Hibernate: 
    select
        u1_0.id,
        u1_0.active,
        u1_0.created_at,
        u1_0.email,
        u1_0.first_name,
        u1_0.last_name,
        u1_0.password,
        u1_0.phone,
        u1_0.role,
        u1_0.updated_at 
    from
        users u1_0 
    where
        u1_0.id=?
Hibernate: 
    select
        f1_0.id,
        f1_0.aircraft_id,
        f1_0.arrival_time,
        f1_0.base_price,
        f1_0.created_at,
        f1_0.departure_time,
        f1_0.destination_airport_id,
        f1_0.flight_number,
        f1_0.origin_airport_id,
        f1_0.status,
        f1_0.updated_at 
    from
        flights f1_0 
    where
        f1_0.id=?
2026-09-28T03:55:57.828+05:30  WARN 4656 --- [airline-reservation] [nio-8080-exec-7] .m.m.a.ExceptionHandlerExceptionResolver : Resolved [com.airline.reservation.exception.ResourceNotFoundException: Flight not found with id: 999]
Hibernate: 
    select
        u1_0.id,
        u1_0.active,
        u1_0.created_at,
        u1_0.email,
        u1_0.first_name,
        u1_0.last_name,
        u1_0.password,
        u1_0.phone,
        u1_0.role,
        u1_0.updated_at 
    from
        users u1_0 
    where
        u1_0.id=?
Hibernate: 
    select
        f1_0.id,
        f1_0.aircraft_id,
        f1_0.arrival_time,
        f1_0.base_price,
        f1_0.created_at,
        f1_0.departure_time,
        f1_0.destination_airport_id,
        f1_0.flight_number,
        f1_0.origin_airport_id,
        f1_0.status,
        f1_0.updated_at 
    from
        flights f1_0 
    where
        f1_0.id=?
Hibernate: 
    select
        p1_0.id,
        p1_0.created_at,
        p1_0.date_of_birth,
        p1_0.first_name,
        p1_0.last_name,
        p1_0.nationality,
        p1_0.passport_number,
        p1_0.user_id 
    from
        passengers p1_0 
    where
        p1_0.id in (?)
Hibernate: 
    select
        s1_0.id,
        s1_0.flight_id,
        s1_0.price,
        s1_0.seat_class,
        s1_0.seat_number,
        s1_0.status 
    from
        seats s1_0 
    where
        s1_0.id in (?) 
        and s1_0.flight_id=?
Hibernate: 
    select
        b1_0.id 
    from
        bookings b1_0 
    where
        b1_0.booking_reference=? 
    limit
        ?
Hibernate: 
    insert 
    into
        bookings
        (booking_reference, created_at, flight_id, status, total_amount, updated_at, user_id) 
    values
        (?, ?, ?, ?, ?, ?, ?)
Hibernate: 
    insert 
    into
        payments
        (amount, booking_id, created_at, payment_method, status, transaction_id, updated_at) 
    values
        (?, ?, ?, ?, ?, ?, ?)
Hibernate: 
    select
        a1_0.id,
        a1_0.city,
        a1_0.country,
        a1_0.iata_code,
        a1_0.name,
        a1_0.timezone 
    from
        airports a1_0 
    where
        a1_0.id=?
Hibernate: 
    select
        a1_0.id,
        a1_0.city,
        a1_0.country,
        a1_0.iata_code,
        a1_0.name,
        a1_0.timezone 
    from
        airports a1_0 
    where
        a1_0.id=?
Hibernate: 
    insert 
    into
        booking_passengers
        (booking_id, passenger_id) 
    values
        (?, ?)
Hibernate: 
    insert 
    into
        booking_seats
        (booking_id, seat_id) 
    values
        (?, ?)
2026-09-28T04:25:41.397+05:30  WARN 4656 --- [airline-reservation] [l-5 housekeeper] com.zaxxer.hikari.pool.HikariPool        : HikariPool-5 - Thread starvation or clock leap detected (housekeeper delta=1m10s729ms610µs801ns).
2026-09-28T04:44:27.677+05:30  WARN 4656 --- [airline-reservation] [l-5 housekeeper] com.zaxxer.hikari.pool.HikariPool        : HikariPool-5 - Thread starvation or clock leap detected (housekeeper delta=16m16s238ms154µs801ns).
2026-09-28T04:52:38.575+05:30  INFO 4656 --- [airline-reservation] [   File Watcher] rtingClassPathChangeChangedEventListener : Restarting due to 96 class path changes (0 additions, 95 deletions, 1 modification)
2026-09-28T04:52:38.596+05:30  INFO 4656 --- [airline-reservation] [      Thread-19] j.LocalContainerEntityManagerFactoryBean : Closing JPA EntityManagerFactory for persistence unit 'default'
2026-09-28T04:52:38.600+05:30  INFO 4656 --- [airline-reservation] [      Thread-19] com.zaxxer.hikari.HikariDataSource       : HikariPool-5 - Shutdown initiated...
2026-09-28T04:52:38.603+05:30  INFO 4656 --- [airline-reservation] [      Thread-19] com.zaxxer.hikari.HikariDataSource       : HikariPool-5 - Shutdown completed.

  .   ____          _            __ _ _
 /\\ / ___'_ __ _ _(_)_ __  __ _ \ \ \ \
( ( )\___ | '_ | '_| | '_ \/ _` | \ \ \ \
 \\/  ___)| |_)| | | | | || (_| |  ) ) ) )
  '  |____| .__|_| |_|_| |_\__, | / / / /
 =========|_|==============|___/=/_/_/_/

 :: Spring Boot ::                (v3.3.5)

2026-09-28T04:52:38.803+05:30  INFO 4656 --- [airline-reservation] [  restartedMain] c.a.r.AirlineReservationApplication      : Starting AirlineReservationApplication using Java 21.0.12.1 with PID 4656 (E:\Ongoing Project\airline-reservation\target\classes started by 06piy in e:\Ongoing Project\airline-reservation)
2026-09-28T04:52:38.803+05:30  INFO 4656 --- [airline-reservation] [  restartedMain] c.a.r.AirlineReservationApplication      : No active profile set, falling back to 1 default profile: "default"
2026-09-28T04:52:38.893+05:30  INFO 4656 --- [airline-reservation] [  restartedMain] .s.d.r.c.RepositoryConfigurationDelegate : Bootstrapping Spring Data JPA repositories in DEFAULT mode.
2026-09-28T04:52:38.894+05:30  INFO 4656 --- [airline-reservation] [  restartedMain] .s.d.r.c.RepositoryConfigurationDelegate : Finished Spring Data repository scanning in 0 ms. Found 0 JPA repository interfaces.
2026-09-28T04:52:38.965+05:30  INFO 4656 --- [airline-reservation] [  restartedMain] o.s.b.w.embedded.tomcat.TomcatWebServer  : Tomcat initialized with port 8080 (http)
2026-09-28T04:52:38.967+05:30  INFO 4656 --- [airline-reservation] [  restartedMain] o.apache.catalina.core.StandardService   : Starting service [Tomcat]
2026-09-28T04:52:38.968+05:30  INFO 4656 --- [airline-reservation] [  restartedMain] o.apache.catalina.core.StandardEngine    : Starting Servlet engine: [Apache Tomcat/10.1.31]
2026-09-28T04:52:38.984+05:30  INFO 4656 --- [airline-reservation] [  restartedMain] o.a.c.c.C.[Tomcat].[localhost].[/]       : Initializing Spring embedded WebApplicationContext
2026-09-28T04:52:38.984+05:30  INFO 4656 --- [airline-reservation] [  restartedMain] w.s.c.ServletWebServerApplicationContext : Root WebApplicationContext: initialization completed in 179 ms
2026-09-28T04:52:39.019+05:30  INFO 4656 --- [airline-reservation] [  restartedMain] o.hibernate.jpa.internal.util.LogHelper  : HHH000204: Processing PersistenceUnitInfo [name: default]
2026-09-28T04:52:39.021+05:30  INFO 4656 --- [airline-reservation] [  restartedMain] o.h.c.internal.RegionFactoryInitiator    : HHH000026: Second-level cache disabled
2026-09-28T04:52:39.034+05:30  INFO 4656 --- [airline-reservation] [  restartedMain] o.s.o.j.p.SpringPersistenceUnitInfo      : No LoadTimeWeaver setup: ignoring JPA class transformer
2026-09-28T04:52:39.035+05:30  INFO 4656 --- [airline-reservation] [  restartedMain] com.zaxxer.hikari.HikariDataSource       : HikariPool-6 - Starting...
2026-09-28T04:52:39.041+05:30  INFO 4656 --- [airline-reservation] [  restartedMain] com.zaxxer.hikari.pool.HikariPool        : HikariPool-6 - Added connection com.mysql.cj.jdbc.ConnectionImpl@5ccb99eb
2026-09-28T04:52:39.041+05:30  INFO 4656 --- [airline-reservation] [  restartedMain] com.zaxxer.hikari.HikariDataSource       : HikariPool-6 - Start completed.
2026-09-28T04:52:39.061+05:30  INFO 4656 --- [airline-reservation] [  restartedMain] o.h.e.t.j.p.i.JtaPlatformInitiator       : HHH000489: No JTA platform available (set 'hibernate.transaction.jta.platform' to enable JTA platform integration)
2026-09-28T04:52:39.061+05:30  INFO 4656 --- [airline-reservation] [  restartedMain] j.LocalContainerEntityManagerFactoryBean : Initialized JPA EntityManagerFactory for persistence unit 'default'
2026-09-28T04:52:39.226+05:30  INFO 4656 --- [airline-reservation] [  restartedMain] o.s.b.d.a.OptionalLiveReloadServer       : LiveReload server is running on port 35729
2026-09-28T04:52:39.234+05:30  INFO 4656 --- [airline-reservation] [  restartedMain] o.s.b.w.embedded.tomcat.TomcatWebServer  : Tomcat started on port 8080 (http) with context path '/'
2026-09-28T04:52:39.237+05:30  INFO 4656 --- [airline-reservation] [  restartedMain] c.a.r.AirlineReservationApplication      : Started AirlineReservationApplication in 0.47 seconds (process running for 6905.146)
2026-09-28T04:52:39.238+05:30  INFO 4656 --- [airline-reservation] [  restartedMain] .ConditionEvaluationDeltaLoggingListener : Condition evaluation unchanged
2026-09-28T04:52:42.106+05:30  INFO 4656 --- [airline-reservation] [   File Watcher] rtingClassPathChangeChangedEventListener : Restarting due to 121 class path changes (121 additions, 0 deletions, 0 modifications)
2026-09-28T04:52:42.122+05:30  INFO 4656 --- [airline-reservation] [      Thread-23] j.LocalContainerEntityManagerFactoryBean : Closing JPA EntityManagerFactory for persistence unit 'default'
2026-09-28T04:52:42.123+05:30  INFO 4656 --- [airline-reservation] [      Thread-23] com.zaxxer.hikari.HikariDataSource       : HikariPool-6 - Shutdown initiated...
2026-09-28T04:52:42.126+05:30  INFO 4656 --- [airline-reservation] [      Thread-23] com.zaxxer.hikari.HikariDataSource       : HikariPool-6 - Shutdown completed.

  .   ____          _            __ _ _
 /\\ / ___'_ __ _ _(_)_ __  __ _ \ \ \ \
( ( )\___ | '_ | '_| | '_ \/ _` | \ \ \ \
 \\/  ___)| |_)| | | | | || (_| |  ) ) ) )
  '  |____| .__|_| |_|_| |_\__, | / / / /
 =========|_|==============|___/=/_/_/_/

 :: Spring Boot ::                (v3.3.5)

2026-09-28T04:52:42.189+05:30  INFO 4656 --- [airline-reservation] [  restartedMain] c.a.r.AirlineReservationApplication      : Starting AirlineReservationApplication using Java 21.0.12.1 with PID 4656 (e:\Ongoing Project\airline-reservation\target\classes started by 06piy in e:\Ongoing Project\airline-reservation)
2026-09-28T04:52:42.189+05:30  INFO 4656 --- [airline-reservation] [  restartedMain] c.a.r.AirlineReservationApplication      : No active profile set, falling back to 1 default profile: "default"
2026-09-28T04:52:42.362+05:30  WARN 4656 --- [airline-reservation] [  restartedMain] ConfigServletWebServerApplicationContext : Exception encountered during context initialization - cancelling refresh attempt: java.lang.IllegalStateException: Error processing condition on org.springframework.boot.autoconfigure.context.PropertyPlaceholderAutoConfiguration.propertySourcesPlaceholderConfigurer
2026-09-28T04:52:42.365+05:30  INFO 4656 --- [airline-reservation] [  restartedMain] .s.b.a.l.ConditionEvaluationReportLogger : 

Error starting ApplicationContext. To display the condition evaluation report re-run your application with 'debug' enabled.
2026-09-28T04:52:42.382+05:30 ERROR 4656 --- [airline-reservation] [  restartedMain] o.s.boot.SpringApplication               : Application run failed

java.lang.IllegalStateException: Error processing condition on org.springframework.boot.autoconfigure.context.PropertyPlaceholderAutoConfiguration.propertySourcesPlaceholderConfigurer
	at org.springframework.boot.autoconfigure.condition.SpringBootCondition.matches(SpringBootCondition.java:60) ~[spring-boot-autoconfigure-3.3.5.jar:3.3.5]
	at org.springframework.context.annotation.ConditionEvaluator.shouldSkip(ConditionEvaluator.java:108) ~[spring-context-6.1.14.jar:6.1.14]
	at org.springframework.context.annotation.ConfigurationClassBeanDefinitionReader.loadBeanDefinitionsForBeanMethod(ConfigurationClassBeanDefinitionReader.java:183) ~[spring-context-6.1.14.jar:6.1.14]
	at org.springframework.context.annotation.ConfigurationClassBeanDefinitionReader.loadBeanDefinitionsForConfigurationClass(ConfigurationClassBeanDefinitionReader.java:144) ~[spring-context-6.1.14.jar:6.1.14]
	at org.springframework.context.annotation.ConfigurationClassBeanDefinitionReader.loadBeanDefinitions(ConfigurationClassBeanDefinitionReader.java:120) ~[spring-context-6.1.14.jar:6.1.14]
	at org.springframework.context.annotation.ConfigurationClassPostProcessor.processConfigBeanDefinitions(ConfigurationClassPostProcessor.java:429) ~[spring-context-6.1.14.jar:6.1.14]
	at org.springframework.context.annotation.ConfigurationClassPostProcessor.postProcessBeanDefinitionRegistry(ConfigurationClassPostProcessor.java:290) ~[spring-context-6.1.14.jar:6.1.14]
	at org.springframework.context.support.PostProcessorRegistrationDelegate.invokeBeanDefinitionRegistryPostProcessors(PostProcessorRegistrationDelegate.java:349) ~[spring-context-6.1.14.jar:6.1.14]
	at org.springframework.context.support.PostProcessorRegistrationDelegate.invokeBeanFactoryPostProcessors(PostProcessorRegistrationDelegate.java:118) ~[spring-context-6.1.14.jar:6.1.14]
	at org.springframework.context.support.AbstractApplicationContext.invokeBeanFactoryPostProcessors(AbstractApplicationContext.java:789) ~[spring-context-6.1.14.jar:6.1.14]
	at org.springframework.context.support.AbstractApplicationContext.refresh(AbstractApplicationContext.java:607) ~[spring-context-6.1.14.jar:6.1.14]
	at org.springframework.boot.web.servlet.context.ServletWebServerApplicationContext.refresh(ServletWebServerApplicationContext.java:146) ~[spring-boot-3.3.5.jar:3.3.5]
	at org.springframework.boot.SpringApplication.refresh(SpringApplication.java:754) ~[spring-boot-3.3.5.jar:3.3.5]
	at org.springframework.boot.SpringApplication.refreshContext(SpringApplication.java:456) ~[spring-boot-3.3.5.jar:3.3.5]
	at org.springframework.boot.SpringApplication.run(SpringApplication.java:335) ~[spring-boot-3.3.5.jar:3.3.5]
	at org.springframework.boot.SpringApplication.run(SpringApplication.java:1363) ~[spring-boot-3.3.5.jar:3.3.5]
	at org.springframework.boot.SpringApplication.run(SpringApplication.java:1352) ~[spring-boot-3.3.5.jar:3.3.5]
	at com.airline.reservation.AirlineReservationApplication.main(AirlineReservationApplication.java:10) ~[classes/:na]
	at java.base/jdk.internal.reflect.DirectMethodHandleAccessor.invoke(DirectMethodHandleAccessor.java:103) ~[na:na]
	at java.base/java.lang.reflect.Method.invoke(Method.java:580) ~[na:na]
	at org.springframework.boot.devtools.restart.RestartLauncher.run(RestartLauncher.java:50) ~[spring-boot-devtools-3.3.5.jar:3.3.5]
Caused by: java.lang.IllegalStateException: Failed to introspect Class [com.airline.reservation.config.SecurityConfig] from ClassLoader [org.springframework.boot.devtools.restart.classloader.RestartClassLoader@702ca616]
	at org.springframework.util.ReflectionUtils.getDeclaredMethods(ReflectionUtils.java:483) ~[spring-core-6.1.14.jar:6.1.14]
	at org.springframework.util.ReflectionUtils.doWithMethods(ReflectionUtils.java:360) ~[spring-core-6.1.14.jar:6.1.14]
	at org.springframework.util.ReflectionUtils.getUniqueDeclaredMethods(ReflectionUtils.java:417) ~[spring-core-6.1.14.jar:6.1.14]
	at org.springframework.beans.factory.support.AbstractAutowireCapableBeanFactory.lambda$getTypeForFactoryMethod$1(AbstractAutowireCapableBeanFactory.java:750) ~[spring-beans-6.1.14.jar:6.1.14]
	at java.base/java.util.concurrent.ConcurrentHashMap.computeIfAbsent(ConcurrentHashMap.java:1708) ~[na:na]
	at org.springframework.beans.factory.support.AbstractAutowireCapableBeanFactory.getTypeForFactoryMethod(AbstractAutowireCapableBeanFactory.java:749) ~[spring-beans-6.1.14.jar:6.1.14]
	at org.springframework.beans.factory.support.AbstractAutowireCapableBeanFactory.determineTargetType(AbstractAutowireCapableBeanFactory.java:682) ~[spring-beans-6.1.14.jar:6.1.14]
	at org.springframework.beans.factory.support.AbstractAutowireCapableBeanFactory.predictBeanType(AbstractAutowireCapableBeanFactory.java:653) ~[spring-beans-6.1.14.jar:6.1.14]
	at org.springframework.beans.factory.support.AbstractBeanFactory.isFactoryBean(AbstractBeanFactory.java:1687) ~[spring-beans-6.1.14.jar:6.1.14]
	at org.springframework.beans.factory.support.DefaultListableBeanFactory.doGetBeanNamesForType(DefaultListableBeanFactory.java:562) ~[spring-beans-6.1.14.jar:6.1.14]
	at org.springframework.beans.factory.support.DefaultListableBeanFactory.getBeanNamesForType(DefaultListableBeanFactory.java:534) ~[spring-beans-6.1.14.jar:6.1.14]
	at org.springframework.boot.autoconfigure.condition.OnBeanCondition.collectBeanNamesForType(OnBeanCondition.java:247) ~[spring-boot-autoconfigure-3.3.5.jar:3.3.5]
	at org.springframework.boot.autoconfigure.condition.OnBeanCondition.getBeanNamesForType(OnBeanCondition.java:240) ~[spring-boot-autoconfigure-3.3.5.jar:3.3.5]
	at org.springframework.boot.autoconfigure.condition.OnBeanCondition.getBeanNamesForType(OnBeanCondition.java:230) ~[spring-boot-autoconfigure-3.3.5.jar:3.3.5]
	at org.springframework.boot.autoconfigure.condition.OnBeanCondition.getMatchingBeans(OnBeanCondition.java:183) ~[spring-boot-autoconfigure-3.3.5.jar:3.3.5]
	at org.springframework.boot.autoconfigure.condition.OnBeanCondition.getMatchOutcome(OnBeanCondition.java:158) ~[spring-boot-autoconfigure-3.3.5.jar:3.3.5]
	at org.springframework.boot.autoconfigure.condition.SpringBootCondition.matches(SpringBootCondition.java:47) ~[spring-boot-autoconfigure-3.3.5.jar:3.3.5]
	... 20 common frames omitted
Caused by: java.lang.NoClassDefFoundError: org/springframework/security/crypto/password/PasswordEncoder
	at java.base/java.lang.Class.getDeclaredMethods0(Native Method) ~[na:na]
	at java.base/java.lang.Class.privateGetDeclaredMethods(Class.java:3580) ~[na:na]
	at java.base/java.lang.Class.getDeclaredMethods(Class.java:2678) ~[na:na]
	at org.springframework.util.ReflectionUtils.getDeclaredMethods(ReflectionUtils.java:465) ~[spring-core-6.1.14.jar:6.1.14]
	... 36 common frames omitted
Caused by: java.lang.ClassNotFoundException: org.springframework.security.crypto.password.PasswordEncoder
	at java.base/jdk.internal.loader.BuiltinClassLoader.loadClass(BuiltinClassLoader.java:641) ~[na:na]
	at java.base/jdk.internal.loader.ClassLoaders$AppClassLoader.loadClass(ClassLoaders.java:188) ~[na:na]
	at java.base/java.lang.ClassLoader.loadClass(ClassLoader.java:526) ~[na:na]
	at java.base/java.lang.Class.forName0(Native Method) ~[na:na]
	at java.base/java.lang.Class.forName(Class.java:536) ~[na:na]
	at java.base/java.lang.Class.forName(Class.java:515) ~[na:na]
	at org.springframework.boot.devtools.restart.classloader.RestartClassLoader.loadClass(RestartClassLoader.java:121) ~[spring-boot-devtools-3.3.5.jar:3.3.5]
	at java.base/java.lang.ClassLoader.loadClass(ClassLoader.java:526) ~[na:na]
	... 40 common frames omitted

[INFO] ------------------------------------------------------------------------
[INFO] BUILD FAILURE
[INFO] ------------------------------------------------------------------------
[INFO] Total time:  01:58 h
[INFO] Finished at: 2026-09-28T04:55:47+05:30
[INFO] ------------------------------------------------------------------------
[ERROR] Failed to execute goal org.springframework.boot:spring-boot-maven-plugin:3.3.5:run (default-cli) on project airline-reservation: Process terminated with exit code: 1 -> [Help 1]
[ERROR] 
[ERROR] To see the full stack trace of the errors, re-run Maven with the -e switch.
[ERROR] Re-run Maven using the -X switch to enable full debug logging.
[ERROR] 
[ERROR] For more information about the errors and possible solutions, please read the following articles:
[ERROR] [Help 1] http://cwiki.apache.org/confluence/display/MAVEN/MojoExecutionException

e:\Ongoing Project\airline-reservation>